"query_kind","start_time","end_time","queries","p50_ms","p95_ms","p99_ms","avg_ms","sum_read_bytes","max_memory_usage_bytes"
"Insert","2026-01-20 00:00:00","2026-01-20 00:30:00",4224,204,12666.849999999999,14269.77,1162.4455492424242,40174733912,2891085252
"Insert","2026-01-20 00:30:00","2026-01-20 01:00:00",4200,197,12249.499999999998,13614.04,1016.5040476190476,36453157500,2456991878
"Insert","2026-01-20 01:00:00","2026-01-20 01:30:00",4213,194,11328.8,13298.2,887.3432233562781,33491417679,2457455616
"Insert","2026-01-20 01:30:00","2026-01-20 02:00:00",4115,194,9488.999999999935,13424.300000000001,841.9329283110571,30948056281,2466391596
"Insert","2026-01-20 02:00:00","2026-01-20 02:30:00",4106,193.5,9509.75,13230.8,828.4683390160741,30899203232,2457068077
"Insert","2026-01-20 02:30:00","2026-01-20 03:00:00",4150,190,9569.849999999966,13012.080000000002,806.8453012048193,30595714934,2454297421
"Insert","2026-01-20 03:00:00","2026-01-20 03:30:00",4213,196,1387.5999999999913,13348.680000000008,790.380014241633,30627665166,2465371642
"Insert","2026-01-20 03:30:00","2026-01-20 04:00:00",4216,193,1324.75,13229.800000000003,767.2682637571157,30202219437,2465867644
"Insert","2026-01-20 04:00:00","2026-01-20 04:30:00",4186,196,8958.5,13414.799999999988,852.8731485905399,32303658644,2477182888
"Insert","2026-01-20 04:30:00","2026-01-20 05:00:00",4222,194,10101.049999999992,13504.009999999998,857.6527711984842,32505269546,2462821693
"Insert","2026-01-20 05:00:00","2026-01-20 05:30:00",4232,198,11782.25,13553.829999999998,917.6351606805293,33985041208,2457015997
"Insert","2026-01-20 05:30:00","2026-01-20 06:00:00",4235,194,7901.799999999974,13370.739999999994,812.4302243211334,30966278952,2453018807
"Insert","2026-01-20 06:00:00","2026-01-20 06:30:00",4215,194,11231.299999999974,13635.159999999998,904.3565836298933,33990607340,2457095770
"Insert","2026-01-20 06:30:00","2026-01-20 07:00:00",4175,195,11763,13573.940000000004,932.1334131736527,33875169828,2456852870
"Insert","2026-01-20 07:00:00","2026-01-20 07:30:00",4321,198,12361,14109.200000000006,1022.1335339041889,37614428144,2465596640
"Insert","2026-01-20 07:30:00","2026-01-20 08:00:00",4422,197,12416.3,14277.58,1051.6033469018544,39537388315,2455920370
"Insert","2026-01-20 08:00:00","2026-01-20 08:30:00",4779,210,13130.3,15127.380000000006,1234.558694287508,47986384467,2462463171
"Insert","2026-01-20 08:30:00","2026-01-20 09:00:00",5013,206,13481.199999999999,15870.840000000004,1304.6923997606225,51601854506,2461836146
"Insert","2026-01-20 09:00:00","2026-01-20 09:30:00",5272,217,14545.399999999998,24719.879999999997,1706.2044764795144,58178238688,2463380751
"Insert","2026-01-20 09:30:00","2026-01-20 10:00:00",5194,219,15108.749999999985,21302.21,1679.2680015402386,56881600922,2462420683
"Insert","2026-01-20 10:00:00","2026-01-20 10:30:00",5131,220,14477.5,27058.499999999913,1731.1003702981875,55577191170,2462955077
"Insert","2026-01-20 10:30:00","2026-01-20 11:00:00",5195,205,14018.6,16313,1447.7128007699712,57521053075,2462618042
"Insert","2026-01-20 11:00:00","2026-01-20 11:30:00",5017,206,14036.599999999999,16604.76000000001,1464.7905122583218,55702536143,2461838302
"Insert","2026-01-20 11:30:00","2026-01-20 12:00:00",4758,206.5,13585.15,15492.880000000005,1363.348886086591,51034308093,2461787642
"Insert","2026-01-20 12:00:00","2026-01-20 12:30:00",4672,208,13553.999999999996,15815.87,1395.9507705479452,51079679301,2462023950
"Insert","2026-01-20 12:30:00","2026-01-20 13:00:00",4626,206,13636.25,15712,1422.3685689580632,51167000671,2461793104
"Insert","2026-01-20 13:00:00","2026-01-20 13:30:00",4775,209,13863.800000000003,16185.900000000003,1503.57277486911,54536442350,2469723771
"Insert","2026-01-20 13:30:00","2026-01-20 14:00:00",5008,206,13976.549999999997,16534.710000000014,1553.4259185303515,58674945889,2462307316
"Insert","2026-01-20 14:00:00","2026-01-20 14:30:00",5138,210,14134.15,16703.56,1487.4264305177112,57564138167,2469827925
"Insert","2026-01-20 14:30:00","2026-01-20 15:00:00",5022,221,14562.849999999999,29255.53,1848.5240939864595,54570803653,2471311385
"Insert","2026-01-20 15:00:00","2026-01-20 15:30:00",4031,234,16505.5,40515.499999999905,2587.526668320516,49881430923,2461977527
"Insert","2026-01-20 15:30:00","2026-01-20 16:00:00",3860,213,15721.799999999996,20409.129999999957,1925.2997409326424,49998030547,2462381170
"Insert","2026-01-20 16:00:00","2026-01-20 16:30:00",6064,229,14764.399999999998,18405.679999999993,1631.5987796833774,71128272216,2465423650
"Insert","2026-01-20 16:30:00","2026-01-20 17:00:00",3972,137,14586.099999999997,16659.829999999998,1724.1241188318227,47972940772,2455623737
"Insert","2026-01-20 17:00:00","2026-01-20 17:30:00",6275,233,15261.399999999994,19285.50000000003,1796.2656573705178,78437543120,2469545667
"Insert","2026-01-20 17:30:00","2026-01-20 18:00:00",4382,209,14948.5,17296.31999999999,1989.8073938840712,60008107007,2461868870
"Insert","2026-01-20 18:00:00","2026-01-20 18:30:00",5094,224,15595.149999999994,18584.35,2228.3800549666275,74922900200,2462370674
"Insert","2026-01-20 18:30:00","2026-01-20 19:00:00",4681,213,14399,16698.199999999997,1847.6013672292245,61733765356,2470227032
"Insert","2026-01-20 19:00:00","2026-01-20 19:30:00",4484,207,13682.249999999998,15417.210000000001,1486.7464317573595,50712928261,2461544213
"Insert","2026-01-20 19:30:00","2026-01-20 20:00:00",4448,205,13398.499999999996,15030.71,1382.0519334532373,47917502301,2461272374
"Insert","2026-01-20 20:00:00","2026-01-20 20:30:00",4485,206,13413.000000000004,15203.319999999996,1362.0963210702341,47763191047,2461963216
"Insert","2026-01-20 20:30:00","2026-01-20 21:00:00",4420,204,13139.45,14798.87000000001,1313.6678733031674,46156119886,2458298530
"Insert","2026-01-20 21:00:00","2026-01-20 21:30:00",4562,205,13734.899999999998,15122.700000000008,1492.0094256904865,51859723653,2461751290
"Insert","2026-01-20 21:30:00","2026-01-20 22:00:00",4490,198,13218.55,14960.309999999994,1335.6728285077952,46971536661,2461389325
"Insert","2026-01-20 22:00:00","2026-01-20 22:30:00",4446,200,12848.75,14551.650000000001,1206.150922177238,43936073892,2461492684
"Insert","2026-01-20 22:30:00","2026-01-20 23:00:00",4323,196,12250.599999999999,14154.299999999992,1040.4082812861438,38164787466,2460997076
"Insert","2026-01-20 23:00:00","2026-01-20 23:30:00",4297,203,12098.399999999998,14275.84,988.4540377007214,36378812151,2458512009
"Insert","2026-01-20 23:30:00","2026-01-21 00:00:00",4294,195,10716.399999999996,13697.839999999997,871.2133209129017,33544997400,2453872416
"Insert","2026-01-21 00:00:00","2026-01-21 00:30:00",4277,206,11184.599999999995,13590.999999999995,904.9742810381108,34581478066,2876726069
"Insert","2026-01-21 00:30:00","2026-01-21 01:00:00",4258,199,8286.149999999949,13160.170000000006,825.4727571629874,32486720971,2453532437
"Insert","2026-01-21 01:00:00","2026-01-21 01:30:00",4365,196,10110.800000000017,13448.399999999987,854.5518900343643,34256358476,2458662240
"Insert","2026-01-21 01:30:00","2026-01-21 02:00:00",4329,195,8150.399999999998,13178.040000000008,814.6435666435666,32667603759,2452988998
"Insert","2026-01-21 02:00:00","2026-01-21 02:30:00",4245,197,1643.1999999998598,13457.160000000003,797.8775029446408,31642811583,2458295406
"Insert","2026-01-21 02:30:00","2026-01-21 03:00:00",4320,193,734.3000000000047,12828.620000000003,719.2300925925925,30068400266,2454561061
"Insert","2026-01-21 03:00:00","2026-01-21 03:30:00",4323,200,745.8999999999996,12684.259999999995,680.8970622253065,29584484456,2458434386
"Insert","2026-01-21 03:30:00","2026-01-21 04:00:00",4283,198,731,12758.200000000012,686.9815549848237,29314001703,2453324481
"Insert","2026-01-21 04:00:00","2026-01-21 04:30:00",4198,200,1087.2999999999993,12968.139999999989,747.5871843735111,30617674852,2465489730
"Insert","2026-01-21 04:30:00","2026-01-21 05:00:00",4250,198,1178.349999999979,13110.730000000005,780.4378823529412,31514666523,2458634515
"Insert","2026-01-21 05:00:00","2026-01-21 05:30:00",4272,199.5,2629.799999999468,13051.580000000002,784.5554775280899,31959871356,2457074938
"Insert","2026-01-21 05:30:00","2026-01-21 06:00:00",4249,199,10091.399999999998,13458.039999999999,861.840668392563,33315890005,2456983830
"Insert","2026-01-21 06:00:00","2026-01-21 06:30:00",4242,202,11813.699999999993,13722.060000000005,948.4547383309759,36228291861,2466022605
"Insert","2026-01-21 06:30:00","2026-01-21 07:00:00",4309,199,12089.399999999998,13769.2,987.0914365281968,37433971890,2448823258
"Insert","2026-01-21 07:00:00","2026-01-21 07:30:00",4403,205,12713.599999999999,14414.679999999993,1114.6316148080855,41477785213,2458008151
"Insert","2026-01-21 07:30:00","2026-01-21 08:00:00",4476,205,12644,14382.25,1091.2960232350313,41879644584,2453511177
"Insert","2026-01-21 08:00:00","2026-01-21 08:30:00",4831,216,12997,15027.199999999972,1192.5034154419375,48289561058,2462444234
"Insert","2026-01-21 08:30:00","2026-01-21 09:00:00",5158,209,13945,16475.460000000006,1424.0040713454828,56762317353,2461897669
"Insert","2026-01-21 09:00:00","2026-01-21 09:30:00",5311,210,14024.5,16910.5,1440.933345885897,58714626078,2462651125
"Insert","2026-01-21 09:30:00","2026-01-21 10:00:00",5259,208,14156.199999999993,16824.24,1384.5714014071116,55994575569,2461718838
"Insert","2026-01-21 10:00:00","2026-01-21 10:30:00",5195,211,13980.600000000002,16224.040000000014,1378.970741097209,55855973370,2471259724
"Insert","2026-01-21 10:30:00","2026-01-21 11:00:00",5219,210,14138.199999999999,16484.039999999994,1465.4868748802453,58637393496,2461976863
"Insert","2026-01-21 11:00:00","2026-01-21 11:30:00",5172,212,13925.45,16073.289999999999,1436.730471771075,57707605092,2461842615
"Insert","2026-01-21 11:30:00","2026-01-21 12:00:00",4863,211,13541.9,15546.940000000002,1377.6748920419493,53412537795,2471261273
"Insert","2026-01-21 12:00:00","2026-01-21 12:30:00",4680,211,13444.050000000003,15385.990000000002,1381.8970085470085,51822689213,2461694793
"Insert","2026-01-21 12:30:00","2026-01-21 13:00:00",4574,210,13471.05,15165.479999999989,1371.60647135986,50501612499,2468264517
"Insert","2026-01-21 13:00:00","2026-01-21 13:30:00",4793,210,13420.599999999997,15495.359999999997,1382.9127894846652,53026980034,2462324126
"Insert","2026-01-21 13:30:00","2026-01-21 14:00:00",5112,205.5,13950.9,16220.790000000005,1417.8184663536776,56314505346,2462812723
"Insert","2026-01-21 14:00:00","2026-01-21 14:30:00",5012,225,15405.149999999998,18296.890000000032,1891.5929768555468,65785454266,2466290563
"Insert","2026-01-21 14:30:00","2026-01-21 15:00:00",5721,241,16983,20621.000000000022,2880.753190001748,101018809385,2461914888
"Insert","2026-01-21 15:00:00","2026-01-21 15:30:00",5712,229,16680.35,20210.07000000002,2663.7251400560226,95529519427,2470248626
"Insert","2026-01-21 15:30:00","2026-01-21 16:00:00",5155,231,16956.000000000004,20436.440000000002,2409.1303588748788,77684441415,2475663075
"Insert","2026-01-21 16:00:00","2026-01-21 16:30:00",5208,218,14893.499999999996,18257.810000000005,1701.1328725038402,63960921879,2465743019
"Insert","2026-01-21 16:30:00","2026-01-21 17:00:00",4685,214,14352.600000000002,16166.399999999998,1524.7705442902882,54595745694,2465511150
"Insert","2026-01-21 17:00:00","2026-01-21 17:30:00",4829,205,13928.8,15898.16,1468.596189687306,54487164415,2461912122
"Insert","2026-01-21 17:30:00","2026-01-21 18:00:00",4838,217.5,14142.899999999998,16017.710000000003,1547.099627945432,57423948247,2474558849
"Insert","2026-01-21 18:00:00","2026-01-21 18:30:00",4771,223,13876,15899.2,1496.9926640117376,57007616929,2476035158
"Insert","2026-01-21 18:30:00","2026-01-21 19:00:00",4373,219,14266,16142.719999999988,1670.3537617196432,55753319094,2462605512
"Insert","2026-01-21 19:00:00","2026-01-21 19:30:00",5006,220,14662.75,16562.149999999994,1861.707750699161,67943876600,2465444469
"Insert","2026-01-21 19:30:00","2026-01-21 20:00:00",4991,220,15063.5,16996.00000000001,1963.7160889601282,70066001910,2461747903
"Insert","2026-01-21 20:00:00","2026-01-21 20:30:00",5312,228,15826.599999999999,31829.530000000028,2318.305346385542,70129364984,2461478674
"Insert","2026-01-21 20:30:00","2026-01-21 21:00:00",5328,205,13464.199999999997,15666,1284.0563063063064,55085826863,2470315033
"Insert","2026-01-21 21:00:00","2026-01-21 21:30:00",5348,206.5,13359.3,15472.029999999988,1264.6585639491398,54122600357,2465294732
"Insert","2026-01-21 21:30:00","2026-01-21 22:00:00",5099,205,13149.1,14624.479999999989,1156.8525201019809,49263794079,2461408320
"Insert","2026-01-21 22:00:00","2026-01-21 22:30:00",5118,208,13176.899999999998,14887.089999999998,1177.2033997655335,49776170395,2465636031
"Insert","2026-01-21 22:30:00","2026-01-21 23:00:00",4821,208,12260,14238.800000000001,1005.197676830533,43299380679,2453051234
"Insert","2026-01-21 23:00:00","2026-01-21 23:30:00",5143,211,12314.699999999988,14681.839999999997,1002.6400933307408,45980659341,2458514751
"Insert","2026-01-21 23:30:00","2026-01-22 00:00:00",5241,204,11451,14105.400000000003,925.4186224003053,44646066738,2877509837
"Insert","2026-01-22 00:00:00","2026-01-22 00:30:00",5257,209,11245.999999999995,14539.479999999992,931.341829941031,44366777164,2893063305
"Insert","2026-01-22 00:30:00","2026-01-22 01:00:00",5598,206,918.5999999999985,13786.529999999988,826.2170418006431,44932487867,2876578366
"Insert","2026-01-22 01:00:00","2026-01-22 01:30:00",5490,200,862.3000000000011,13624.51999999999,767.6830601092896,40059238486,2880463742
"Insert","2026-01-22 01:30:00","2026-01-22 02:00:00",4590,157.5,891.9000000000033,13661.989999999996,735.8751633986928,31251881149,2877359060
"Insert","2026-01-22 02:00:00","2026-01-22 02:30:00",5512,207,948.4499999999962,13390.660000000029,726.8271044992744,40675884538,2876771139
"Insert","2026-01-22 02:30:00","2026-01-22 03:00:00",4923,197,745.8999999999996,12698.019999999997,665.0639853747715,33593573039,2876528687
"Insert","2026-01-22 03:00:00","2026-01-22 03:30:00",4931,200,736.5,12449.8,637.5293044007301,32964803213,2874336704
"Insert","2026-01-22 03:30:00","2026-01-22 04:00:00",4833,197,719.1999999999989,12575.280000000028,645.0225532795365,32872773150,2453426271
"Insert","2026-01-22 04:00:00","2026-01-22 04:30:00",5297,203,751,13061.079999999998,665.7725127430621,38165802274,2872136282
"Insert","2026-01-22 04:30:00","2026-01-22 05:00:00",4957,200,742.7999999999993,12960.439999999999,679.9219285858383,35142841962,2458584662
"Insert","2026-01-22 05:00:00","2026-01-22 05:30:00",4914,203,782.4999999999945,12960.14,704.3304843304843,35630833664,2457940319
"Insert","2026-01-22 05:30:00","2026-01-22 06:00:00",4846,201,755.25,13206.700000000003,739.6009079653322,35808878458,2454532248
"Insert","2026-01-22 06:00:00","2026-01-22 06:30:00",5276,199,973.5,13525.5,779.6360879454132,41058542155,2458248585
"Insert","2026-01-22 06:30:00","2026-01-22 07:00:00",4801,196,9229,13922,857.8754426161216,39334889741,2462104995
"Insert","2026-01-22 07:00:00","2026-01-22 07:30:00",5757,219,899.5999999999995,14430.919999999993,890.1658850095536,51574635369,2457114240
"Insert","2026-01-22 07:30:00","2026-01-22 08:00:00",5245,207,11688.000000000007,14984.040000000005,975.3174451858913,46391186783,2461937495
"Insert","2026-01-22 08:00:00","2026-01-22 08:30:00",5467,214,12580.899999999996,15501.440000000002,1103.7731845619169,51067704409,2465941618
"Insert","2026-01-22 08:30:00","2026-01-22 09:00:00",5600,220,13763.800000000003,21948.46000000001,1522.7916071428572,55425105495,2461879065
"Insert","2026-01-22 09:00:00","2026-01-22 09:30:00",5828,214,14143.949999999999,16745.139999999992,1390.893788606726,63017003047,2463061849
"Insert","2026-01-22 09:30:00","2026-01-22 10:00:00",6142,213,13553,17199.750000000004,1242.696841419733,60718063982,2463070212
"Insert","2026-01-22 10:00:00","2026-01-22 10:30:00",5568,169,13859.3,16592.26,1272.534841954023,54254378292,2461966130
"Insert","2026-01-22 10:30:00","2026-01-22 11:00:00",6682,257,16548.5,47053.20999999989,2755.2306195749775,82109916801,2471260967
"Insert","2026-01-22 11:00:00","2026-01-22 11:30:00",5311,197,14047,16330.8,1367.6947844097158,55325554905,2462421812
"Insert","2026-01-22 11:30:00","2026-01-22 12:00:00",5515,207,13439.400000000001,15940.179999999997,1305.1726201269266,56757302920,2470646177
"Insert","2026-01-22 12:00:00","2026-01-22 12:30:00",5077,204,13533.599999999999,15570.239999999989,1341.1248768958046,53963360549,2462312004
"Insert","2026-01-22 12:30:00","2026-01-22 13:00:00",4893,202,13381.8,15161.159999999998,1330.188228080932,51928440093,2461202654
"Insert","2026-01-22 13:00:00","2026-01-22 13:30:00",5343,207,13536.899999999996,15771.16,1321.9644394534905,56248220231,2466162172
"Insert","2026-01-22 13:30:00","2026-01-22 14:00:00",4139,139,13469.099999999999,15973.319999999996,1142.8402995892727,36569727488,2462712523
"Insert","2026-01-22 14:00:00","2026-01-22 14:30:00",2280,22,261.1499999999992,421.6800000000003,74.8530701754386,1293677137,929579341
"Insert","2026-01-22 14:30:00","2026-01-22 15:00:00",2445,22,249,434.2399999999998,83.04376278118609,1471167359,946481372
"Insert","2026-01-22 15:00:00","2026-01-22 15:30:00",2267,22,241,390.34000000000015,73.81296868107631,1148548041,1017531686
"Insert","2026-01-22 15:30:00","2026-01-22 16:00:00",2128,22,250.64999999999986,497,89.33082706766918,1383618774,1160919964
"Insert","2026-01-22 16:00:00","2026-01-22 16:30:00",1978,23,246.29999999999973,420,82.0025278058645,1223693350,992884074
"Insert","2026-01-22 16:30:00","2026-01-22 17:00:00",1882,22,240.94999999999982,387.8500000000008,77.18065887353879,1063612153,1011086264
"Insert","2026-01-22 17:00:00","2026-01-22 17:30:00",1803,22,235.89999999999986,444.18000000000075,78.02884082085413,1028700241,2461934886
"Insert","2026-01-22 17:30:00","2026-01-22 18:00:00",1521,29,235,398.79999999999995,70.51479289940828,876306936,2460623829
"Insert","2026-01-22 18:00:00","2026-01-22 18:30:00",1676,37.5,229.5,274.25,62.6527446300716,1112206077,434801353
"Insert","2026-01-22 18:30:00","2026-01-22 19:00:00",1903,31,176.89999999999986,245.96000000000004,52.88018917498686,963639872,435450393
"Insert","2026-01-22 19:00:00","2026-01-22 19:30:00",1675,34,167.29999999999995,277.03999999999996,54.456119402985074,957973473,434215913
"Insert","2026-01-22 19:30:00","2026-01-22 20:00:00",1571,34,167,233.5999999999999,52.84468491406747,889125093,430423767
"Insert","2026-01-22 20:00:00","2026-01-22 20:30:00",1471,34,170,227.29999999999995,53.0231135282121,988018894,435445975
"Insert","2026-01-22 20:30:00","2026-01-22 21:00:00",1468,36,154.64999999999986,199.32999999999993,51.305858310626704,925319743,430621551
"Insert","2026-01-22 21:00:00","2026-01-22 21:30:00",1109,48,163.5999999999999,254.04000000000087,64.30207394048692,756546634,429271905
"Insert","2026-01-22 21:30:00","2026-01-22 22:00:00",1028,48,160,405.3300000000004,66.73832684824903,668946472,428673593
"Insert","2026-01-22 22:00:00","2026-01-22 22:30:00",1044,49,154.8499999999999,226.41999999999962,63.46168582375479,612484862,429830681
"Insert","2026-01-22 22:30:00","2026-01-22 23:00:00",1030,48,158,228.84000000000015,62.34757281553398,548710949,435383393
"Insert","2026-01-22 23:00:00","2026-01-22 23:30:00",1039,50,158.0999999999999,254.95999999999913,65.51973051010587,647216597,428360321
"Insert","2026-01-22 23:30:00","2026-01-23 00:00:00",1029,52,149,232.76000000000022,64.578231292517,588805122,428743873
"Insert","2026-01-23 00:00:00","2026-01-23 00:30:00",1044,51,152.8499999999999,207.27999999999975,62.95402298850575,515415872,849819490
"Insert","2026-01-23 00:30:00","2026-01-23 01:00:00",1034,48,142,188,59.456479690522244,425884585,832608701
"Insert","2026-01-23 01:00:00","2026-01-23 01:30:00",1049,46,158,262,61.83794089609152,612136967,877656536
"Insert","2026-01-23 01:30:00","2026-01-23 02:00:00",1027,47,150,187.48000000000002,59.068159688412855,451770297,833687283
"Insert","2026-01-23 02:00:00","2026-01-23 02:30:00",1030,47,143,178.71000000000004,58.25339805825243,461716639,838641475
"Insert","2026-01-23 02:30:00","2026-01-23 03:00:00",1023,46,143.89999999999998,195.55999999999995,57.89247311827957,418441596,829566413
"Insert","2026-01-23 03:00:00","2026-01-23 03:30:00",1041,49,140,189.5999999999999,57.888568683957736,474816306,846408239
"Insert","2026-01-23 03:30:00","2026-01-23 04:00:00",1023,47,144,183,59.44770283479961,442362357,832256248
"Insert","2026-01-23 04:00:00","2026-01-23 04:30:00",878,50,140,182.84000000000015,59.933940774487475,352540042,836671036
"Insert","2026-01-23 04:30:00","2026-01-23 05:00:00",811,49,140,168.89999999999998,59.34648581997534,253315091,428594441
"Insert","2026-01-23 05:00:00","2026-01-23 05:30:00",820,48,134,178.04999999999973,57.396341463414636,268939593,428278150
"Insert","2026-01-23 05:30:00","2026-01-23 06:00:00",812,48.5,138.44999999999993,165.89,58.61206896551724,258261289,427719695
"Insert","2026-01-23 06:00:00","2026-01-23 06:30:00",835,48,147,183.61999999999978,60.4059880239521,325819214,428775313
"Insert","2026-01-23 06:30:00","2026-01-23 07:00:00",821,48,144,175.5999999999999,59.758830694275275,290281671,428478585
"Insert","2026-01-23 07:00:00","2026-01-23 07:30:00",840,47,154,185.44000000000005,60.75952380952381,346053090,428922807
"Insert","2026-01-23 07:30:00","2026-01-23 08:00:00",831,48,179.5,232.70000000000005,67.52105896510228,425110072,429800297
"Insert","2026-01-23 08:00:00","2026-01-23 08:30:00",842,47,204,279.18000000000006,73.29691211401425,608603502,437315063
"Insert","2026-01-23 08:30:00","2026-01-23 09:00:00",833,48,235,307.7199999999998,80.51020408163265,729644300,436931209
"Insert","2026-01-23 09:00:00","2026-01-23 09:30:00",845,47,221.79999999999995,331.2799999999993,77.98579881656805,695812479,2458249454
"Insert","2026-01-23 09:30:00","2026-01-23 10:00:00",832,47,225,287,78.60216346153847,727195504,435263033
"Insert","2026-01-23 10:00:00","2026-01-23 10:30:00",832,50,239.44999999999993,341.20999999999947,81.234375,795421986,2460384802
"Insert","2026-01-23 10:30:00","2026-01-23 11:00:00",829,50,217,288.1600000000001,78.27261761158022,662103742,2457721626
"Insert","2026-01-23 11:00:00","2026-01-23 11:30:00",830,47,200.54999999999995,283.71000000000004,73.34698795180722,560812023,2460050275
"Insert","2026-01-23 11:30:00","2026-01-23 12:00:00",7314,257,15139.699999999997,16752.44,1757.9648619086684,90910314890,2876473334
"Insert","2026-01-23 12:00:00","2026-01-23 12:30:00",12170,92,15225.149999999998,17434.440000000002,1582.1431388660642,143751800699,1337448542
"Insert","2026-01-23 12:30:00","2026-01-23 13:00:00",7738,157,17387,21501.850000000013,3299.2050917549755,159031213000,2862851234
"Insert","2026-01-23 13:00:00","2026-01-23 13:30:00",6291,457,16398.5,20109.90000000001,2607.9478620251152,113596834300,2876541626
"Insert","2026-01-23 13:30:00","2026-01-23 14:00:00",6212,457,15863.699999999997,17993.520000000022,2066.3625241468126,97948854780,2466481956
"Insert","2026-01-23 14:00:00","2026-01-23 14:30:00",6196,462,16036.75,21012.400000000023,2457.035022595223,107775371842,2466092633
"Insert","2026-01-23 14:30:00","2026-01-23 15:00:00",4608,139,15795.599999999991,19517,2659.4830729166665,81128473718,1196780087
"Insert","2026-01-23 15:00:00","2026-01-23 15:30:00",3618,87,15964.15,18086.98,2696.5279159756774,60422093550,1175601357
"Insert","2026-01-23 15:30:00","2026-01-23 16:00:00",3284,77.5,14903.55,16680.550000000003,1572.9619366626066,35222889795,1176166948
"Insert","2026-01-23 16:00:00","2026-01-23 16:30:00",3341,78,14747,16492.399999999998,1613.8344806944028,37174455259,1193833053
"Insert","2026-01-23 16:30:00","2026-01-23 17:00:00",3298,78,14729.15,15852.359999999997,1646.312613705276,37871869995,2454863036
"Insert","2026-01-23 17:00:00","2026-01-23 17:30:00",3217,81,14803.6,16155.84,1767.232825613926,39778449503,2470840591
"Insert","2026-01-23 17:30:00","2026-01-23 18:00:00",2967,78,14707.4,15999.880000000005,1745.3208628244017,35622445225,2465118877
"Insert","2026-01-23 18:00:00","2026-01-23 18:30:00",2977,76,14629.399999999998,15509.519999999984,1690.213301981861,34601238578,1193408841
"Insert","2026-01-23 18:30:00","2026-01-23 19:00:00",2902,75,14392.900000000001,15137.939999999999,1581.6278428669882,31999183315,1194339256
"Insert","2026-01-23 19:00:00","2026-01-23 19:30:00",2833,76,14448,15368.199999999997,1601.2883868690435,31765684366,2466225040
"Insert","2026-01-23 19:30:00","2026-01-23 20:00:00",2889,76,14335,15549.799999999992,1626.7874697127033,32871158590,1196782262
"Insert","2026-01-23 20:00:00","2026-01-23 20:30:00",2941,72,14277,15225.599999999999,1590.3134988099287,32941055824,1196843733
"Insert","2026-01-23 20:30:00","2026-01-23 21:00:00",2919,70,14291,15020.040000000005,1518.0548132922233,31495014724,1203343686
"Insert","2026-01-23 21:00:00","2026-01-23 21:30:00",2862,73,14286,15490.119999999999,1605.6827393431167,32033405602,1196823856
"Insert","2026-01-23 21:30:00","2026-01-23 22:00:00",2773,73,14223,15805.320000000003,1575.0494049765596,30595211855,2444253280
"Insert","2026-01-23 22:00:00","2026-01-23 22:30:00",2751,72,14239,15219.5,1487.948745910578,28837826329,1195884330
"Insert","2026-01-23 22:30:00","2026-01-23 23:00:00",2756,71,14046,15002.899999999994,1417.800435413643,28072294086,1198874599
"Insert","2026-01-23 23:00:00","2026-01-23 23:30:00",2747,69,13925.199999999997,14944.8,1266.7029486712777,25539756647,1202950348
"Insert","2026-01-23 23:30:00","2026-01-24 00:00:00",2698,69,13696.45,14624.480000000003,1183.8487768717569,23615932145,1203021814
"Insert","2026-01-24 00:00:00","2026-01-24 00:30:00",2668,77.5,13729.150000000001,14626.33,1191.5412293853074,23277719165,1895197445
"Insert","2026-01-24 00:30:00","2026-01-24 01:00:00",2609,71,12570.999999999996,14422.76,1079.1184361824453,21170888488,2449291308
"Insert","2026-01-24 01:00:00","2026-01-24 01:30:00",2642,68,10711.299999999996,14491.77,977.490158970477,19563071455,1914789834
"Insert","2026-01-24 01:30:00","2026-01-24 02:00:00",2618,69,9273.750000000002,13840.98,868.5294117647059,17952809297,1943089431
"Insert","2026-01-24 02:00:00","2026-01-24 02:30:00",2722,64,8278.649999999998,13545.649999999994,785.3096987509184,17093218302,1902374172
"Insert","2026-01-24 02:30:00","2026-01-24 03:00:00",2726,63,7485.25,13261.5,749.9563462949376,16594596026,1794167530
"Insert","2026-01-24 03:00:00","2026-01-24 03:30:00",2673,66,7162.200000000006,12437.960000000006,721.9981294425739,16017020255,1338938282
"Insert","2026-01-24 03:30:00","2026-01-24 04:00:00",2641,70,7124,12647.199999999997,738.608860280197,16601716017,1771920276
"Insert","2026-01-24 04:00:00","2026-01-24 04:30:00",2642,68,7887.699999999995,12838.260000000031,764.5889477668433,16925423225,2465204933
"Insert","2026-01-24 04:30:00","2026-01-24 05:00:00",2581,66,7932,13347.799999999981,783.5172413793103,16820362405,1198660141
"Insert","2026-01-24 05:00:00","2026-01-24 05:30:00",2638,65,8348.250000000007,13670.89,813.898786959818,17844869069,1199397901
"Insert","2026-01-24 05:30:00","2026-01-24 06:00:00",2597,67,9425.2,13841,866.472468232576,18244654090,1205245572
"Insert","2026-01-24 06:00:00","2026-01-24 06:30:00",2585,67,11381.399999999996,14072.479999999996,985.652998065764,20123168211,1205332019
"Insert","2026-01-24 06:30:00","2026-01-24 07:00:00",2782,66,12793.699999999984,14513.230000000001,1071.3519051042415,22578008586,2490910189
"Insert","2026-01-24 07:00:00","2026-01-24 07:30:00",2840,68,13790.05,14480.050000000001,1308.1200704225353,26976705516,2896710624
"Insert","2026-01-24 07:30:00","2026-01-24 08:00:00",2986,67,13960.75,14824.85,1357.0030140656397,28749853735,2879127690
"Insert","2026-01-24 08:00:00","2026-01-24 08:30:00",3163,65,13923.399999999998,14886.980000000003,1305.2254189061018,29517691803,2897118762
"Insert","2026-01-24 08:30:00","2026-01-24 09:00:00",3003,72,14178.6,15165.180000000002,1495.6736596736596,31780665285,2896777294
"Insert","2026-01-24 09:00:00","2026-01-24 09:30:00",3041,71,14231,15003.599999999999,1450.1943439658007,31728368859,2880218296
"Insert","2026-01-24 09:30:00","2026-01-24 10:00:00",3109,70,14375.599999999999,15920.120000000006,1583.385332904471,34432208305,2881623496
"Insert","2026-01-24 10:00:00","2026-01-24 10:30:00",2872,68,14215.25,15345.74,1415.6270891364902,28907299351,2877998060
"Insert","2026-01-24 10:30:00","2026-01-24 11:00:00",3245,76,14424.599999999999,16099.88,1641.6899845916796,37553162998,2883489935
"Insert","2026-01-24 11:00:00","2026-01-24 11:30:00",2962,72,14182.949999999999,15234.17,1447.0891289669144,30965308008,1198865716
"Insert","2026-01-24 11:30:00","2026-01-24 12:00:00",2850,71,14191.55,14959.339999999993,1372.4070175438596,28535610174,1199469939
"Insert","2026-01-24 12:00:00","2026-01-24 12:30:00",2820,71,14139,15260.15,1432.0879432624113,29122052762,2445928624
"Insert","2026-01-24 12:30:00","2026-01-24 13:00:00",2845,71,14098.8,15203.68,1383.7866432337435,28782635173,1207816816
"Insert","2026-01-24 13:00:00","2026-01-24 13:30:00",2874,73.5,14161.349999999999,15172.45,1450.6196938065414,30251949869,1207642089
"Insert","2026-01-24 13:30:00","2026-01-24 14:00:00",2904,69,14192.4,15139.88,1394.5182506887052,29401547026,1203369774
"Insert","2026-01-24 14:00:00","2026-01-24 14:30:00",2922,74,14292.900000000001,15333.879999999997,1574.7628336755647,32861456810,1198913131
"Insert","2026-01-24 14:30:00","2026-01-24 15:00:00",3140,70,14370.2,15343.940000000008,1503.4388535031846,33600815898,1198576571
"Insert","2026-01-24 15:00:00","2026-01-24 15:30:00",3535,74,14295.3,15734.799999999996,1497.2828854314002,37313057304,2868892733
"Insert","2026-01-24 15:30:00","2026-01-24 16:00:00",3129,68,14369,15272.559999999985,1510.4659635666346,33458218677,1199198283
"Insert","2026-01-24 16:00:00","2026-01-24 16:30:00",3065,73,14457.399999999998,15650.320000000003,1753.3181076672104,36794184165,1198145780
"Insert","2026-01-24 16:30:00","2026-01-24 17:00:00",3024,78,14639.85,15525.78,2150.4093915343915,43382774032,1195102762
"Insert","2026-01-24 17:00:00","2026-01-24 17:30:00",3029,79,14584.800000000001,16409.359999999957,2156.5959062396832,43306785886,1194998471
"Insert","2026-01-24 17:30:00","2026-01-24 18:00:00",2991,74,14601,15641.599999999995,1909.498161150117,38342048177,1195453479
"Insert","2026-01-24 18:00:00","2026-01-24 18:30:00",2824,76,14275.7,15042.39,1769.5775495750709,34851540271,2444607212
"Insert","2026-01-24 18:30:00","2026-01-24 19:00:00",2847,76,14302.199999999999,15825.64,1839.7432384966633,35975238680,1195642094
"Insert","2026-01-24 19:00:00","2026-01-24 19:30:00",3347,95,14208.400000000001,15167.72,1532.1446071108455,38202773759,1197997305
"Insert","2026-01-24 19:30:00","2026-01-24 20:00:00",2804,71,14196.7,14990.979999999992,1509.9379457917262,30029314408,1198661782
"Insert","2026-01-24 20:00:00","2026-01-24 20:30:00",2833,68,14138.800000000001,14871.83999999999,1451.2559124602894,29334340467,2466340007
"Insert","2026-01-24 20:30:00","2026-01-24 21:00:00",2814,66,14019,14776.869999999999,1330.8955223880596,26757458055,1198870167
"Insert","2026-01-24 21:00:00","2026-01-24 21:30:00",2904,68,14064.85,14734.099999999995,1498.2510330578511,31051583088,1198540622
"Insert","2026-01-24 21:30:00","2026-01-24 22:00:00",2716,71,14073,15012.899999999996,1542.1064064801178,29569828765,1196764652
"Insert","2026-01-24 22:00:00","2026-01-24 22:30:00",2832,66,13982.45,14837.740000000002,1360.207627118644,27539617122,1195815164
"Insert","2026-01-24 22:30:00","2026-01-24 23:00:00",2762,65,13691.699999999999,14410.73,1145.122737146995,23503018291,2464713484
"Insert","2026-01-24 23:00:00","2026-01-24 23:30:00",2923,62,13567.800000000001,14506.580000000013,1052.2066370167636,22977375710,1198592125
"Insert","2026-01-24 23:30:00","2026-01-25 00:00:00",2639,69,12650.999999999996,14236.679999999998,1077.7230011367942,21708954405,2455701433
"Insert","2026-01-25 00:00:00","2026-01-25 00:30:00",2710,71,11982.049999999997,14377.099999999999,1031.519926199262,21164969014,2448691461
"Insert","2026-01-25 00:30:00","2026-01-25 01:00:00",2674,64,10293.949999999988,14101.35,928.0411368735976,19147613095,2019165551
"Insert","2026-01-25 01:00:00","2026-01-25 01:30:00",2737,63,9294.199999999968,13924.279999999999,838.9386189258312,18185473226,1907691503
"Insert","2026-01-25 01:30:00","2026-01-25 02:00:00",2627,64,7056.899999999991,12519.359999999986,714.2371526456034,15592608322,1922204310
"Insert","2026-01-25 02:00:00","2026-01-25 02:30:00",2613,64,6713.400000000005,11353.440000000011,684.3314198239572,15392510314,1205450335
"Insert","2026-01-25 02:30:00","2026-01-25 03:00:00",2490,61,6085.749999999993,10498.970000000003,644.5100401606426,14067010452,2465719618
"Insert","2026-01-25 03:00:00","2026-01-25 03:30:00",2568,58,5291.550000000003,9414.919999999998,579.0280373831775,13664318183,1200694995
"Insert","2026-01-25 03:30:00","2026-01-25 04:00:00",2765,57,5187.999999999996,9228.640000000016,560.1482820976491,14560713776,2465881750
"Insert","2026-01-25 04:00:00","2026-01-25 04:30:00",2866,57,5845.25,10552.849999999999,618.2334263782275,16118522667,1203716570
"Insert","2026-01-25 04:30:00","2026-01-25 05:00:00",2679,59,6220.099999999989,10994.399999999994,656.9372900335946,15491372396,1197659084
"Insert","2026-01-25 05:00:00","2026-01-25 05:30:00",2633,57,7843.600000000015,13370.079999999998,770.7162932016711,17251939469,1198584246
"Insert","2026-01-25 05:30:00","2026-01-25 06:00:00",2748,59,8283.050000000007,13524.59,787.1484716157205,18092860231,1199593554
"Insert","2026-01-25 06:00:00","2026-01-25 06:30:00",2848,55,9824.750000000018,13938.310000000005,891.7794943820224,20335252490,1205388097
"Insert","2026-01-25 06:30:00","2026-01-25 07:00:00",2823,56,11541.7,14206.779999999999,979.4084307474318,21936576075,1198865886
"Insert","2026-01-25 07:00:00","2026-01-25 07:30:00",2840,59.5,13649.1,14615.490000000002,1136.873943661972,24786726747,1200981142
"Insert","2026-01-25 07:30:00","2026-01-25 08:00:00",2893,63,13876.8,14516.279999999993,1252.4600760456274,27346667665,1198872356
"Insert","2026-01-25 08:00:00","2026-01-25 08:30:00",2921,62,14014,14888.400000000001,1322.2019856213626,28654184580,1201084340
"Insert","2026-01-25 08:30:00","2026-01-25 09:00:00",2918,69,14146,14942.279999999999,1491.8379026730638,31786498250,2448716128
"Insert","2026-01-25 09:00:00","2026-01-25 09:30:00",3036,65,14151.5,15243.200000000003,1493.895256916996,32744420787,1197467854
"Insert","2026-01-25 09:30:00","2026-01-25 10:00:00",3019,69,14247.1,15119.700000000006,1487.655846306724,32547410415,1198866364
"Insert","2026-01-25 10:00:00","2026-01-25 10:30:00",2965,68,14276.599999999999,15361.44,1594.4509274873524,33874518369,1198573831
"Insert","2026-01-25 10:30:00","2026-01-25 11:00:00",2900,70,14267.249999999998,15288.469999999988,1619.4831034482759,33902605348,1205172029
"Insert","2026-01-25 11:00:00","2026-01-25 11:30:00",2924,68,14219.099999999999,15283.49,1521.8857729138167,32254927011,1204989704
"Insert","2026-01-25 11:30:00","2026-01-25 12:00:00",2984,64,14133.699999999999,15303.570000000002,1435.5482573726542,31134216069,2447181670
"Insert","2026-01-25 12:00:00","2026-01-25 12:30:00",3171,62,14134.5,14983.400000000005,1474.5291706086407,33843790719,1207348903
"Insert","2026-01-25 12:30:00","2026-01-25 13:00:00",3033,65,14230,15308.839999999995,1544.3537751401252,33629846488,1199417128
"Insert","2026-01-25 13:00:00","2026-01-25 13:30:00",2889,69,14265.4,15507.359999999997,1602.0446521287643,32956785892,1203756872
"Insert","2026-01-25 13:30:00","2026-01-25 14:00:00",3005,67,14151,15096.48,1537.6525790349417,33429225049,1204294857
"Insert","2026-01-25 14:00:00","2026-01-25 14:30:00",3044,63,14240.85,15566.830000000004,1461.9122864651774,32163313790,1202191836
"Insert","2026-01-25 14:30:00","2026-01-25 15:00:00",3059,69,14164.599999999999,15051.440000000002,1448.543968617195,32441862229,1208035866
"Insert","2026-01-25 15:00:00","2026-01-25 15:30:00",3094,64,14179.35,14867.35,1400.945701357466,31829707152,1198029189
"Insert","2026-01-25 15:30:00","2026-01-25 16:00:00",2931,68,14294,15395.199999999993,1587.4588877516205,33285231842,1202084286
"Insert","2026-01-25 16:00:00","2026-01-25 16:30:00",2957,70,14302.8,15174.400000000001,1665.0236726411904,35183488470,1197701592
"Insert","2026-01-25 16:30:00","2026-01-25 17:00:00",2925,75,14308.199999999999,15173.359999999986,1706.0553846153846,35458332522,1202101153
"Insert","2026-01-25 17:00:00","2026-01-25 17:30:00",3024,71,14326.4,15315.029999999999,1731.0056216931216,36821570242,1198056965
"Insert","2026-01-25 17:30:00","2026-01-25 18:00:00",3614,97.5,14250.699999999999,15108.48,1508.7656336469286,38988506426,1205069104
"Insert","2026-01-25 18:00:00","2026-01-25 18:30:00",2999,65,14298.699999999997,15575.219999999998,1535.561187062354,32264892196,1195404445
"Insert","2026-01-25 18:30:00","2026-01-25 19:00:00",2889,69,14237.599999999999,15081.879999999994,1596.6085150571132,32731109785,1197959402
"Insert","2026-01-25 19:00:00","2026-01-25 19:30:00",2804,69,14207.85,15161.189999999993,1482.1315977175464,29881924263,1203317568
"Insert","2026-01-25 19:30:00","2026-01-25 20:00:00",2853,68,14083.2,14855.320000000002,1390.0487206449352,28789754435,1195908104
"Insert","2026-01-25 20:00:00","2026-01-25 20:30:00",2860,61,13994.3,14637.609999999997,1266.811188811189,26741471692,1199124948
"Insert","2026-01-25 20:30:00","2026-01-25 21:00:00",3359,74,13769.399999999998,14772.26,1100.5623697529027,29481787332,1198882626
"Insert","2026-01-25 21:00:00","2026-01-25 21:30:00",3279,64,13933.199999999999,14883.22,1249.0341567551084,30547578335,1201637295
"Insert","2026-01-25 21:30:00","2026-01-25 22:00:00",3102,68,13964.599999999999,14818.919999999998,1463.6956802063185,32700751788,2444774540
"Insert","2026-01-25 22:00:00","2026-01-25 22:30:00",2943,62,13943.400000000001,14750.58,1337.5351681957186,28730757683,1194969872
"Insert","2026-01-25 22:30:00","2026-01-25 23:00:00",2770,64,13819.399999999998,14495.58,1332.6613718411552,27257269541,1197722747
"Insert","2026-01-25 23:00:00","2026-01-25 23:30:00",2883,61,13612.7,14634.319999999996,1168.0131807145335,25194412395,1197904743
"Insert","2026-01-25 23:30:00","2026-01-26 00:00:00",2744,62,11964.749999999996,14050.380000000005,1012.3254373177842,21422890191,1195004075
"Insert","2026-01-26 00:00:00","2026-01-26 00:30:00",2809,60,9766.399999999998,14166.720000000001,896.0754716981132,19512524307,1939661609
"Insert","2026-01-26 00:30:00","2026-01-26 01:00:00",2792,61,7795.999999999996,13602.360000000015,761.3979226361032,17454107592,1910205988
"Insert","2026-01-26 01:00:00","2026-01-26 01:30:00",2723,59,6960.799999999999,12260.980000000018,708.0587587219978,16213753776,2022978265
"Insert","2026-01-26 01:30:00","2026-01-26 02:00:00",2811,55,6045,11736.9,654.9249377445749,15493035432,1860470005
"Insert","2026-01-26 02:00:00","2026-01-26 02:30:00",2607,61,7043.299999999993,11831.34,711.5397008055236,15995209444,1192765453
"Insert","2026-01-26 02:30:00","2026-01-26 03:00:00",2650,59,6297.699999999996,11352.259999999995,671.9811320754717,15386830413,1736228879
"Insert","2026-01-26 03:00:00","2026-01-26 03:30:00",2773,58,6626.800000000003,11815.480000000003,669.3660295708619,16175696534,1181898896
"Insert","2026-01-26 03:30:00","2026-01-26 04:00:00",2797,57,7032.799999999979,12167.87999999999,691.8644976760816,16787281832,1192795845
"Insert","2026-01-26 04:00:00","2026-01-26 04:30:00",2781,59,7660,13375.199999999997,762.6040992448759,18367309078,1195021940
"Insert","2026-01-26 04:30:00","2026-01-26 05:00:00",2723,60,8265.600000000002,13610.540000000008,791.5662871832537,18353990406,2448099192
"Insert","2026-01-26 05:00:00","2026-01-26 05:30:00",2750,60,9671.199999999977,13854.709999999995,884.0098181818182,20007011955,1197949471
"Insert","2026-01-26 05:30:00","2026-01-26 06:00:00",2647,63,11480.799999999997,13996.939999999999,999.0528900642237,21487130339,2465526797
"Insert","2026-01-26 06:00:00","2026-01-26 06:30:00",2725,64,11621.19999999999,14102.319999999992,1016.3504587155963,22274130526,1198525107
"Insert","2026-01-26 06:30:00","2026-01-26 07:00:00",2784,63,13635.05,14378.730000000005,1155.4622844827586,25099404011,2465672759
"Insert","2026-01-26 07:00:00","2026-01-26 07:30:00",2969,66,13772.599999999999,14669.240000000002,1185.3984506567867,27199461791,1197350244
"Insert","2026-01-26 07:30:00","2026-01-26 08:00:00",3569,102,13801.2,14947.680000000004,1136.0493135332026,33198667336,2465562925
"Insert","2026-01-26 08:00:00","2026-01-26 08:30:00",3656,83,14278.25,15190.349999999999,1401.0216083150985,38903538746,2447734632
"Insert","2026-01-26 08:30:00","2026-01-26 09:00:00",3734,82,14414.75,15720.400000000001,1354.4643813604714,38589585284,2460556802
"Insert","2026-01-26 09:00:00","2026-01-26 09:30:00",5117,156,16168.399999999996,20360.840000000004,2164.142270861833,70104647114,2880941667
"Insert","2026-01-26 09:30:00","2026-01-26 10:00:00",6105,208,14424.8,18350.080000000005,1423.3662571662571,64612251421,2880826497
"Insert","2026-01-26 10:00:00","2026-01-26 10:30:00",5513,211,14421.199999999999,17259.280000000013,1586.3598766551786,63435214176,2880904799
"Insert","2026-01-26 10:30:00","2026-01-26 11:00:00",5006,204,14186.25,16725.499999999993,1411.9204954055133,52551022792,2880934201
"Insert","2026-01-26 11:00:00","2026-01-26 11:30:00",5809,212,15018.399999999987,17437.52,1869.1800654157341,76900320779,2880879477
"Insert","2026-01-26 11:30:00","2026-01-26 12:00:00",5119,210,14212.099999999999,16308.619999999988,1627.2348114866186,62087763473,2859126073
"Insert","2026-01-26 12:00:00","2026-01-26 12:30:00",4836,209,13965.25,15607.949999999999,1554.7169148056246,57293920872,2473256445
"Insert","2026-01-26 12:30:00","2026-01-26 13:00:00",4790,210.5,13819.55,16212.949999999986,1495.846764091858,54227622449,2461390454
"Insert","2026-01-26 13:00:00","2026-01-26 13:30:00",5045,211,13956.2,15901.040000000005,1460.164717542121,56843400765,2465190348
"Insert","2026-01-26 13:30:00","2026-01-26 14:00:00",5215,210,14162.6,16864.91999999999,1506.4049856184085,59189455128,2881115023
"Insert","2026-01-26 14:00:00","2026-01-26 14:30:00",5434,210.5,14243.699999999997,16642.410000000003,1531.4195804195804,62651165144,2463237234
"Insert","2026-01-26 14:30:00","2026-01-26 15:00:00",5216,209,14108,16707.500000000004,1474.586273006135,58029056805,2462427624
"Insert","2026-01-26 15:00:00","2026-01-26 15:30:00",5379,214,14246.499999999993,16370.740000000005,1555.569808514594,63554808251,2471354873
"Insert","2026-01-26 15:30:00","2026-01-26 16:00:00",5503,209,14348.399999999994,17766.01999999998,1531.8237325095402,62233466962,2471714747
"Insert","2026-01-26 16:00:00","2026-01-26 16:30:00",5596,189,13676.25,15875.700000000012,1311.8999285203718,57322343767,2471278247
"Insert","2026-01-26 16:30:00","2026-01-26 17:00:00",5593,163,13820.199999999997,16033.079999999998,1353.8916502771322,57879955896,2461858584
"Insert","2026-01-26 17:00:00","2026-01-26 17:30:00",5422,182,13822.199999999997,15980.849999999999,1368.5547768351162,56679645810,2880698871
"Insert","2026-01-26 17:30:00","2026-01-26 18:00:00",5229,191,13552.599999999995,15234.80000000001,1328.152227959457,53902574064,2880662221
"Insert","2026-01-26 18:00:00","2026-01-26 18:30:00",2307,194,13508.299999999996,15237.960000000003,1327.1863892501083,23839897824,2871188551
"Select","2026-01-20 00:00:00","2026-01-20 00:30:00",388,134,578.8999999999999,2935.319999999988,340.8659793814433,116408637611,86599096
"Select","2026-01-20 00:30:00","2026-01-20 01:00:00",645,285,827.7999999999997,1170.919999999997,325.3953488372093,588070784220,70426099
"Select","2026-01-20 01:00:00","2026-01-20 01:30:00",397,83,512.4,1101.9200000000005,176.58942065491183,91538528973,17679804
"Select","2026-01-20 01:30:00","2026-01-20 02:00:00",408,265.5,891.65,1187.5500000000002,338.52941176470586,353661979350,68618491
"Select","2026-01-20 02:00:00","2026-01-20 02:30:00",257,117,580.5999999999997,3314.6799999999994,283.3112840466926,82942503268,17672902
"Select","2026-01-20 02:30:00","2026-01-20 03:00:00",534,131,790.2999999999994,1052.6899999999996,261.0936329588015,350184118778,73591525
"Select","2026-01-20 03:00:00","2026-01-20 03:30:00",327,112,550.8999999999999,1505.6400000000017,242.3119266055046,93119770685,25662381
"Select","2026-01-20 03:30:00","2026-01-20 04:00:00",364,302,925.0999999999998,3037.5100000000134,441.1401098901099,382624435505,87324255
"Select","2026-01-20 04:00:00","2026-01-20 04:30:00",421,99,565,1835.4000000000026,219.78859857482186,113640510632,87362721
"Select","2026-01-20 04:30:00","2026-01-20 05:00:00",845,109,740.5999999999999,1087.3599999999997,210.06390532544378,394937992999,67979563
"Select","2026-01-20 05:00:00","2026-01-20 05:30:00",534,98,525.7999999999997,1223.579999999997,173.85393258426967,116270932305,121169908
"Select","2026-01-20 05:30:00","2026-01-20 06:00:00",336,294,842.75,1007.6499999999991,360.83035714285717,352659481215,67343699
"Select","2026-01-20 06:00:00","2026-01-20 06:30:00",340,105,535.4500000000003,807.0700000000012,212.50588235294117,96460542122,17355658
"Select","2026-01-20 06:30:00","2026-01-20 07:00:00",333,303,891.5999999999996,1100.2800000000002,382.7477477477477,356440797139,68045179
"Select","2026-01-20 07:00:00","2026-01-20 07:30:00",349,102,537.1999999999999,1099.5999999999976,208.9541547277937,97155492431,36240657
"Select","2026-01-20 07:30:00","2026-01-20 08:00:00",453,245,948,1564.6000000000013,338.3796909492274,361937965701,79883484
"Select","2026-01-20 08:00:00","2026-01-20 08:30:00",323,130,651.9999999999995,1626.399999999995,273.41795665634675,105216555047,42267174
"Select","2026-01-20 08:30:00","2026-01-20 09:00:00",371,337,999.5,1585.2000000000003,409.74393530997304,366463989373,71378926
"Select","2026-01-20 09:00:00","2026-01-20 09:30:00",578,164,1624.199999999999,55386.21000000001,2047.3044982698962,532746200112,71388906
"Select","2026-01-20 09:30:00","2026-01-20 10:00:00",571,402,1922.5,80206.59999999922,2576.8388791593698,742082155269,70448493
"Select","2026-01-20 10:00:00","2026-01-20 10:30:00",475,270,1977.8999999999967,81243.77999999991,2837.3263157894735,484219382236,70533196
"Select","2026-01-20 10:30:00","2026-01-20 11:00:00",427,347,1066.1,2206.460000000001,450.9391100702576,364826432263,67341739
"Select","2026-01-20 11:00:00","2026-01-20 11:30:00",360,126.5,616.1,1471.9700000000003,254.75277777777777,96294781105,70547809
"Select","2026-01-20 11:30:00","2026-01-20 12:00:00",372,329.5,1067.9499999999994,2307.7200000000303,471.008064516129,357433792598,68974587
"Select","2026-01-20 12:00:00","2026-01-20 12:30:00",298,127.5,624.1999999999994,1738.4899999999977,276.77852348993287,96165895010,136891090
"Select","2026-01-20 12:30:00","2026-01-20 13:00:00",233,185,1125.1999999999996,1696.000000000002,395.85836909871244,247700145448,85522335
"Select","2026-01-20 13:00:00","2026-01-20 13:30:00",456,290.5,700.5,1823.6499999999987,381.1798245614035,219323337419,80403200
"Select","2026-01-20 13:30:00","2026-01-20 14:00:00",237,116,605,1891.4399999999935,260.23628691983123,54114766559,31545521
"Select","2026-01-20 14:00:00","2026-01-20 14:30:00",480,297,1042.5499999999995,1890.4899999999986,391.7875,384512449760,67338171
"Select","2026-01-20 14:30:00","2026-01-20 15:00:00",237,210,36709.199999999946,98487.31999999986,6390.949367088608,537777421791,49022475
"Select","2026-01-20 15:00:00","2026-01-20 15:30:00",407,556,5356.0999999999985,163090.63999999998,5776.874692874693,863156533605,74657147
"Select","2026-01-20 15:30:00","2026-01-20 16:00:00",307,190,646.3,1569.6799999999996,309.4983713355049,89403941210,43078039
"Select","2026-01-20 16:00:00","2026-01-20 16:30:00",612,350,1021.6999999999996,2683.3399999999956,439.45098039215685,424804654553,67337435
"Select","2026-01-20 16:30:00","2026-01-20 17:00:00",182,187.5,972.65,1563.1599999999999,337.7802197802198,57975989567,68752315
"Select","2026-01-20 17:00:00","2026-01-20 17:30:00",501,355,1459,2970,520.0778443113772,401826532524,68962171
"Select","2026-01-20 17:30:00","2026-01-20 18:00:00",179,219,862.8999999999999,7222.719999999997,567.9720670391062,127989756972,22413073
"Select","2026-01-20 18:00:00","2026-01-20 18:30:00",509,327,1226.9999999999995,3354.880000000008,446.0530451866405,395849598470,68027921
"Select","2026-01-20 18:30:00","2026-01-20 19:00:00",181,160,752,1722.9999999999982,331.16022099447514,60145312697,17756487
"Select","2026-01-20 19:00:00","2026-01-20 19:30:00",507,289,1031.1,1281.6799999999998,372.9842209072978,423106468720,67337387
"Select","2026-01-20 19:30:00","2026-01-20 20:00:00",166,138,606.25,1271.8,285.4156626506024,58207234555,17680457
"Select","2026-01-20 20:00:00","2026-01-20 20:30:00",519,294,948.4999999999998,1233.3200000000013,346.0481695568401,397313164816,68054453
"Select","2026-01-20 20:30:00","2026-01-20 21:00:00",182,125,654.9499999999999,1295.3399999999992,268.9175824175824,54418402363,17686914
"Select","2026-01-20 21:00:00","2026-01-20 21:30:00",505,309,933.7999999999997,1213.9599999999998,364.6178217821782,392391593966,67344596
"Select","2026-01-20 21:30:00","2026-01-20 22:00:00",264,170,624.8999999999999,1151.0300000000007,271.20075757575756,72858534671,17677224
"Select","2026-01-20 22:00:00","2026-01-20 22:30:00",552,256,889.6999999999996,1180.0700000000004,330.82246376811594,422347010934,67337035
"Select","2026-01-20 22:30:00","2026-01-20 23:00:00",205,179,612.9999999999999,1133.64,288.93658536585366,60737556082,17670913
"Select","2026-01-20 23:00:00","2026-01-20 23:30:00",1884,50,558.1999999999989,1063.2300000000014,256.5615711252654,1325922853503,67352495
"Select","2026-01-20 23:30:00","2026-01-21 00:00:00",208,119,589.599999999999,1239.5700000000002,246.46634615384616,60096936789,29843065
"Select","2026-01-21 00:00:00","2026-01-21 00:30:00",586,295,891.5,1388.599999999998,383.4539249146758,417214407775,115721912
"Select","2026-01-21 00:30:00","2026-01-21 01:00:00",464,142.5,640.5499999999998,1002.3900000000002,283.57974137931035,297574897429,27007956
"Select","2026-01-21 01:00:00","2026-01-21 01:30:00",601,217,833,1163,284.14808652246256,415882149361,68950395
"Select","2026-01-21 01:30:00","2026-01-21 02:00:00",199,103,574.2999999999998,1119.7200000000014,223.7788944723618,55594608836,28081600
"Select","2026-01-21 02:00:00","2026-01-21 02:30:00",406,243.5,900.5,1105.0999999999995,328.5270935960591,396367026941,67329275
"Select","2026-01-21 02:30:00","2026-01-21 03:00:00",516,105,449.5,914.8000000000011,191.80426356589146,68753769318,67319339
"Select","2026-01-21 03:00:00","2026-01-21 03:30:00",351,110,554.5,1233,245.52991452991452,120887426487,25655284
"Select","2026-01-21 03:30:00","2026-01-21 04:00:00",357,324,932.2,1572.3199999999986,409.9019607843137,372210293126,67336667
"Select","2026-01-21 04:00:00","2026-01-21 04:30:00",295,119,629.2,1303.1000000000004,249.61694915254236,88795174480,26217025
"Select","2026-01-21 04:30:00","2026-01-21 05:00:00",307,294,906.4999999999998,1280.0599999999997,392.92508143322476,356188820623,68337090
"Select","2026-01-21 05:00:00","2026-01-21 05:30:00",238,119.5,548.8499999999996,1151.9699999999998,242.78571428571428,80928732429,17700887
"Select","2026-01-21 05:30:00","2026-01-21 06:00:00",347,307,975.8999999999996,1995.7200000000269,408.30547550432277,363112888416,67316711
"Select","2026-01-21 06:00:00","2026-01-21 06:30:00",315,116,587.3,1066.0400000000022,232.37460317460318,91508632236,22412045
"Select","2026-01-21 06:30:00","2026-01-21 07:00:00",328,311,934.1999999999998,1160.6400000000012,394.109756097561,359058082884,68252755
"Select","2026-01-21 07:00:00","2026-01-21 07:30:00",341,106,549,1124.4000000000037,226.19061583577712,95245623441,34367502
"Select","2026-01-21 07:30:00","2026-01-21 08:00:00",388,283,1003.3,3375.549999999986,418.61082474226805,363292645188,67877073
"Select","2026-01-21 08:00:00","2026-01-21 08:30:00",340,124.5,659.15,1671.9600000000005,255.64411764705883,102909725159,33702502
"Select","2026-01-21 08:30:00","2026-01-21 09:00:00",350,361.5,1247.0000000000005,6542.179999999977,533.44,361829682610,67336123
"Select","2026-01-21 09:00:00","2026-01-21 09:30:00",534,134,763.1499999999996,1738.7599999999989,284.08801498127343,178579585100,70797938
"Select","2026-01-21 09:30:00","2026-01-21 10:00:00",636,255,1030.25,4519.0499999999865,417.0707547169811,433668385804,71335440
"Select","2026-01-21 10:00:00","2026-01-21 10:30:00",679,126,623.3000000000001,2211.8200000000006,262.5095729013255,156679362910,34344243
"Select","2026-01-21 10:30:00","2026-01-21 11:00:00",468,333,1084.9499999999998,1882.2699999999998,433.6068376068376,426332442266,108892402
"Select","2026-01-21 11:00:00","2026-01-21 11:30:00",368,118.5,674.4499999999997,1975.3099999999952,279.04619565217394,163041841737,84988152
"Select","2026-01-21 11:30:00","2026-01-21 12:00:00",477,260,998.8,1738.8400000000001,372.29559748427675,386104517850,72981042
"Select","2026-01-21 12:00:00","2026-01-21 12:30:00",553,143,583.8,1258.4800000000064,242.3019891500904,194923646196,47052072
"Select","2026-01-21 12:30:00","2026-01-21 13:00:00",373,335,1023.5999999999998,1446.359999999995,421.1930294906166,365053047990,67338667
"Select","2026-01-21 13:00:00","2026-01-21 13:30:00",356,131,628.5,1184.6999999999998,265.6011235955056,113507700206,29339454
"Select","2026-01-21 13:30:00","2026-01-21 14:00:00",380,326,1076.1500000000005,1663.2399999999993,412.4342105263158,364519102960,68694307
"Select","2026-01-21 14:00:00","2026-01-21 14:30:00",642,162,3410.0499999999947,21126.42000000002,1011.8660436137071,304508093699,269268608
"Select","2026-01-21 14:30:00","2026-01-21 15:00:00",560,497,15909.199999999984,35653.25999999999,2704.2089285714287,790319688336,1301168673
"Select","2026-01-21 15:00:00","2026-01-21 15:30:00",434,133,793.1999999999996,3742.6200000000445,749.2626728110599,176581850793,71133181
"Select","2026-01-21 15:30:00","2026-01-21 16:00:00",677,339,1234.9999999999995,4016.520000000009,466.384047267356,465686931132,71471689
"Select","2026-01-21 16:00:00","2026-01-21 16:30:00",763,129,685.6999999999999,1199.8599999999997,322.4967234600262,120662924539,17677848
"Select","2026-01-21 16:30:00","2026-01-21 17:00:00",551,302,1044.5,3079,412.480943738657,384605009625,67344267
"Select","2026-01-21 17:00:00","2026-01-21 17:30:00",405,129,583.3999999999999,1644.3999999999983,259.7679012345679,99177902915,17544477
"Select","2026-01-21 17:30:00","2026-01-21 18:00:00",1304,117.5,703.9499999999994,1187.6400000000003,208.06748466257667,451349570849,67988571
"Select","2026-01-21 18:00:00","2026-01-21 18:30:00",2188,121,394,601.3900000000003,161.3034734917733,349857401632,67338283
"Select","2026-01-21 18:30:00","2026-01-21 19:00:00",583,128,527.0999999999998,1110.1199999999858,207.36020583190395,81653656075,17302368
"Select","2026-01-21 19:00:00","2026-01-21 19:30:00",982,145.5,869.5999999999981,1535.4699999999934,286.61099796334014,446195498971,67350064
"Select","2026-01-21 19:30:00","2026-01-21 20:00:00",558,121,457.44999999999993,808.5399999999961,198.2688172043011,80885455008,17546632
"Select","2026-01-21 20:00:00","2026-01-21 20:30:00",1024,222,1067.8999999999987,26011.849999999795,1520.748046875,703543431314,69583499
"Select","2026-01-21 20:30:00","2026-01-21 21:00:00",539,134,564.1999999999999,1675.2000000000003,234.66419294990723,105362958969,32543730
"Select","2026-01-21 21:00:00","2026-01-21 21:30:00",730,165.5,977.2999999999997,3393.2000000000226,431.3,510954862778,67336011
"Select","2026-01-21 21:30:00","2026-01-21 22:00:00",715,128,533.3,676.6800000000005,227.05034965034966,154957265922,22832423
"Select","2026-01-21 22:00:00","2026-01-21 22:30:00",1050,140.5,721.0999999999999,1112.55,278.8666666666667,520802343275,67628187
"Select","2026-01-21 22:30:00","2026-01-21 23:00:00",869,126,501.99999999999955,713.159999999996,208.6283084004603,157009325995,17546296
"Select","2026-01-21 23:00:00","2026-01-21 23:30:00",2256,61,596,2342.599999999962,296.33067375886526,1467851531305,67343426
"Select","2026-01-21 23:30:00","2026-01-22 00:00:00",802,115,494.94999999999993,814.5100000000014,212.97256857855362,140822047706,17642882
"Select","2026-01-22 00:00:00","2026-01-22 00:30:00",1023,127,829.1999999999998,4300.27999999995,363.2903225806452,537246512546,273916749
"Select","2026-01-22 00:30:00","2026-01-22 01:00:00",994,129,618.3499999999999,731.049999999999,243.71428571428572,385219354994,17680083
"Select","2026-01-22 01:00:00","2026-01-22 01:30:00",955,136,757.4999999999998,1267.8600000000106,282.83874345549737,510614518719,77178348
"Select","2026-01-22 01:30:00","2026-01-22 02:00:00",458,103,536.3,1327.550000000008,211.87336244541484,110402989971,17554482
"Select","2026-01-22 02:00:00","2026-01-22 02:30:00",1083,142,746.6999999999996,1147.400000000002,279.6823638042475,515370754749,68959867
"Select","2026-01-22 02:30:00","2026-01-22 03:00:00",721,102,515,1299.1999999999684,198.46463245492373,139216940409,17734907
"Select","2026-01-22 03:00:00","2026-01-22 03:30:00",989,141,721.1999999999998,1033.0000000000002,282.5227502527806,512386101962,67336235
"Select","2026-01-22 03:30:00","2026-01-22 04:00:00",551,108,574,4709,265.8475499092559,212533598989,17537305
"Select","2026-01-22 04:00:00","2026-01-22 04:30:00",753,149,823.5999999999999,2887.04000000006,374.85258964143424,518415396730,67334475
"Select","2026-01-22 04:30:00","2026-01-22 05:00:00",558,102,567.5999999999999,2504.9899999999307,232.35125448028674,189725382811,24354969
"Select","2026-01-22 05:00:00","2026-01-22 05:30:00",1190,107,667.8999999999992,1207.1599999999944,250.59159663865546,545144113113,67638091
"Select","2026-01-22 05:30:00","2026-01-22 06:00:00",673,106,585.9999999999999,2479.719999999843,261.9509658246657,240359261000,25070167
"Select","2026-01-22 06:00:00","2026-01-22 06:30:00",1091,120,671.5,1203.8999999999264,266.3437213565536,538014088835,67317083
"Select","2026-01-22 06:30:00","2026-01-22 07:00:00",583,108,641.9,991.4399999999521,233.99142367066895,227759710998,17357578
"Select","2026-01-22 07:00:00","2026-01-22 07:30:00",969,127,764.3999999999996,1144.439999999999,285.750257997936,514111708133,67371091
"Select","2026-01-22 07:30:00","2026-01-22 08:00:00",582,120,687.7999999999997,1172.949999999923,262.9295532646048,199198860652,24098822
"Select","2026-01-22 08:00:00","2026-01-22 08:30:00",872,140,1025.7999999999997,10053.889999999992,684.1422018348624,589229581460,68658385
"Select","2026-01-22 08:30:00","2026-01-22 09:00:00",482,184,27803.049999999974,79756.6,4517.896265560166,633067899940,67337771
"Select","2026-01-22 09:00:00","2026-01-22 09:30:00",584,138,814,7988.30999999997,365.94691780821915,236536998823,70369409
"Select","2026-01-22 09:30:00","2026-01-22 10:00:00",817,248,974.799999999999,14713.440000000035,859.250917992656,751181111584,415106542
"Select","2026-01-22 10:00:00","2026-01-22 10:30:00",466,138,721.75,6874.8000000000975,416.2381974248927,139807430787,70841145
"Select","2026-01-22 10:30:00","2026-01-22 11:00:00",461,390,2868,20167.599999999977,1958.047722342733,755297452826,973279754
"Select","2026-01-22 11:00:00","2026-01-22 11:30:00",355,161,849.6000000000001,4473.6399999999685,387.8929577464789,149883097228,63701389
"Select","2026-01-22 11:30:00","2026-01-22 12:00:00",382,440.5,6701.049999999997,9607.529999999999,1092.5994764397906,336688890198,130111851
"Select","2026-01-22 12:00:00","2026-01-22 12:30:00",376,141.5,736.75,6068,355.93617021276594,124177514609,23238962
"Select","2026-01-22 12:30:00","2026-01-22 13:00:00",367,329,1056.1,6085.379999999976,496.4277929155313,335847766980,73007069
"Select","2026-01-22 13:00:00","2026-01-22 13:30:00",341,149,805,5887.200000000012,900.9941348973607,175664309573,23547546
"Select","2026-01-22 13:30:00","2026-01-22 14:00:00",401,359,993,2900,478.41645885286783,332444935860,69953667
"Select","2026-01-22 14:00:00","2026-01-22 14:30:00",73,116,2044.4,3785.280000000006,401.958904109589,34939813105,70619721
"Select","2026-01-22 14:30:00","2026-01-22 15:00:00",258,242,851.8999999999999,2372.940000000004,361.08527131782944,287738816524,69910099
"Select","2026-01-22 15:00:00","2026-01-22 15:30:00",102,96.5,1508.6999999999955,2038.6199999999992,269.5098039215686,28882099702,17549668
"Select","2026-01-22 15:30:00","2026-01-22 16:00:00",265,239,879.9999999999997,1541.0400000000002,340.6075471698113,294753467089,68539859
"Select","2026-01-22 16:00:00","2026-01-22 16:30:00",67,105,1240.3,4009.2400000000107,330.46268656716416,27575612085,17738992
"Select","2026-01-22 16:30:00","2026-01-22 17:00:00",244,236,866.9499999999998,1588.2499999999973,347.2909836065574,284156386117,70858076
"Select","2026-01-22 17:00:00","2026-01-22 17:30:00",61,103,843,3546.399999999994,303.8032786885246,25321801940,17675215
"Select","2026-01-22 17:30:00","2026-01-22 18:00:00",241,228,823,1132.5999999999995,329.08298755186723,276410666887,72239899
"Select","2026-01-22 18:00:00","2026-01-22 18:30:00",102,227,394.6499999999997,634.1099999999996,235.3921568627451,20091889565,17719331
"Select","2026-01-22 18:30:00","2026-01-22 19:00:00",244,223.5,762.5,870.1099999999999,298.61475409836066,272832324220,67317579
"Select","2026-01-22 19:00:00","2026-01-22 19:30:00",60,95.5,478.34999999999985,2427.379999999984,211.36666666666667,18611981643,17734408
"Select","2026-01-22 19:30:00","2026-01-22 20:00:00",258,226,779.0499999999994,878.6000000000001,309.2984496124031,289620779664,67311758
"Select","2026-01-22 20:00:00","2026-01-22 20:30:00",122,88,334.2499999999996,2387.589999999983,166.95081967213116,38886218076,17669536
"Select","2026-01-22 20:30:00","2026-01-22 21:00:00",313,216,724.9999999999998,872.1999999999999,268.7188498402556,322783709371,70064547
"Select","2026-01-22 21:00:00","2026-01-22 21:30:00",63,97,405.7999999999999,2097.5000000000105,188.76190476190476,17035766476,17347274
"Select","2026-01-22 21:30:00","2026-01-22 22:00:00",240,221.5,759.1999999999996,879.0999999999998,300.92083333333335,270526471207,67313238
"Select","2026-01-22 22:00:00","2026-01-22 22:30:00",60,104.5,402.5499999999996,2198.8499999999867,200.91666666666666,16446103221,17748282
"Select","2026-01-22 22:30:00","2026-01-22 23:00:00",239,226,783.5,883.7400000000001,303.255230125523,269970578151,67309687
"Select","2026-01-22 23:00:00","2026-01-22 23:30:00",1424,30,81,192.8499999999999,210.6551966292135,1023473092376,30085853
"Select","2026-01-22 23:30:00","2026-01-23 00:00:00",240,231,946.8499999999998,2464.6399999999994,353.02916666666664,269291654866,70240742
"Select","2026-01-23 00:00:00","2026-01-23 00:30:00",65,98,1567.5999999999963,5895.999999999996,410.12307692307695,21172045867,70229663
"Select","2026-01-23 00:30:00","2026-01-23 01:00:00",239,221,799,925.2400000000002,305.6234309623431,272595410204,67333115
"Select","2026-01-23 01:00:00","2026-01-23 01:30:00",191,11,173.5,493.89999999999986,66.18848167539267,14774123927,17756452
"Select","2026-01-23 01:30:00","2026-01-23 02:00:00",294,215.5,744.4499999999998,863.2099999999999,247.1326530612245,272170275660,67957867
"Select","2026-01-23 02:00:00","2026-01-23 02:30:00",60,94.5,326.0499999999995,1910.8199999999888,178.55,14138916666,17332892
"Select","2026-01-23 02:30:00","2026-01-23 03:00:00",240,220,780.1999999999999,904.2099999999991,304.17083333333335,271585416393,67316201
"Select","2026-01-23 03:00:00","2026-01-23 03:30:00",67,95,350.79999999999984,1571.2000000000107,158.59701492537314,13609004813,17731445
"Select","2026-01-23 03:30:00","2026-01-23 04:00:00",243,230,795.7999999999997,978.4399999999997,305.5884773662551,281039102922,67334859
"Select","2026-01-23 04:00:00","2026-01-23 04:30:00",60,97.5,312.29999999999944,1694.8599999999904,170.96666666666667,13153745246,17470674
"Select","2026-01-23 04:30:00","2026-01-23 05:00:00",155,221,820.3,857.9800000000001,335.94193548387096,270612489783,67312865
"Select","2026-01-23 05:00:00","2026-01-23 05:30:00",145,220,309.1999999999997,509.36,217.3448275862069,12693265532,67309675
"Select","2026-01-23 05:30:00","2026-01-23 06:00:00",60,93,315.0499999999994,1671.2599999999907,167.31666666666666,12358779213,17739216
"Select","2026-01-23 06:00:00","2026-01-23 06:30:00",240,223,747.0499999999993,963.9799999999983,296.74583333333334,269779111879,67955227
"Select","2026-01-23 06:30:00","2026-01-23 07:00:00",60,94.5,312.84999999999945,1551.0099999999914,167.48333333333332,11868609817,17747755
"Select","2026-01-23 07:00:00","2026-01-23 07:30:00",240,223,764.15,896.2299999999993,295.7916666666667,269078252825,74940371
"Select","2026-01-23 07:30:00","2026-01-23 08:00:00",59,97,325.099999999999,1524.180000000004,163.40677966101694,10976365618,17333644
"Select","2026-01-23 08:00:00","2026-01-23 08:30:00",241,223,749,934.5999999999999,295.4190871369295,268311137050,67321234
"Select","2026-01-23 08:30:00","2026-01-23 09:00:00",180,73.5,472.09999999999957,1322.6200000000008,145.31666666666666,118662022676,70909659
"Select","2026-01-23 09:00:00","2026-01-23 09:30:00",296,218,709.75,841.0500000000006,250.70945945945945,270867904722,71354420
"Select","2026-01-23 09:30:00","2026-01-23 10:00:00",99,75,380.2,537.8199999999929,113.22222222222223,10194447943,17738536
"Select","2026-01-23 10:00:00","2026-01-23 10:30:00",240,223,742.7499999999994,881.2699999999999,294.40416666666664,265836957634,67323541
"Select","2026-01-23 10:30:00","2026-01-23 11:00:00",60,90.5,360.74999999999955,1083.8199999999952,150.26666666666668,7497106032,17677608
"Select","2026-01-23 11:00:00","2026-01-23 11:30:00",243,224,766.8999999999997,896.3799999999998,291.4238683127572,264626376619,70915363
"Select","2026-01-23 11:30:00","2026-01-23 12:00:00",164,319,530.8499999999999,733.7500000000003,277.0182926829268,7448274846,69157035
"Select","2026-01-23 12:00:00","2026-01-23 12:30:00",558,366.5,970,1353.86,425.14516129032256,269348414086,67346254
"Select","2026-01-23 12:30:00","2026-01-23 13:00:00",90,189.5,780.0499999999995,1091.4299999999994,272.4222222222222,6285779915,39143623
"Select","2026-01-23 13:00:00","2026-01-23 13:30:00",292,392.5,1173.7,1565.9499999999962,646.9760273972603,320832219417,67341387
"Select","2026-01-23 13:30:00","2026-01-23 14:00:00",196,327.5,590,701.7000000000008,300.17857142857144,10847885784,20165125
"Select","2026-01-23 14:00:00","2026-01-23 14:30:00",348,358.5,1065.1999999999998,2946.989999999938,610.0747126436781,433424224077,67342281
"Select","2026-01-23 14:30:00","2026-01-23 15:00:00",106,235.5,1276.5,2709.950000000003,332.39622641509436,9118374644,96178578
"Select","2026-01-23 15:00:00","2026-01-23 15:30:00",402,320.5,888.9999999999998,1160.9,356.7910447761194,291147678006,70459417
"Select","2026-01-23 15:30:00","2026-01-23 16:00:00",203,195,425.29999999999984,940.7599999999993,276.7487684729064,22968762622,50256871
"Select","2026-01-23 16:00:00","2026-01-23 16:30:00",325,284,877.4000000000003,1056.9999999999998,327.5723076923077,267232902769,67333123
"Select","2026-01-23 16:30:00","2026-01-23 17:00:00",122,163.5,417.94999999999953,618.4599999999994,194.94262295081967,7949997248,31009993
"Select","2026-01-23 17:00:00","2026-01-23 17:30:00",346,271.5,866.25,1145.5000000000014,315.3005780346821,270654306052,88265701
"Select","2026-01-23 17:30:00","2026-01-23 18:00:00",115,116,563.0999999999999,974.1999999999999,150.96521739130435,3901818150,62629474
"Select","2026-01-23 18:00:00","2026-01-23 18:30:00",316,285,864.25,1044.65,327.89240506329116,267130129713,67332669
"Select","2026-01-23 18:30:00","2026-01-23 19:00:00",114,124,497.09999999999957,900.1700000000013,171.05263157894737,6880010556,51109241
"Select","2026-01-23 19:00:00","2026-01-23 19:30:00",297,279,843.4000000000001,1033.4800000000002,320.22222222222223,265116797572,70258252
"Select","2026-01-23 19:30:00","2026-01-23 20:00:00",122,130,449.79999999999995,724.2999999999986,176.69672131147541,7228601960,35473978
"Select","2026-01-23 20:00:00","2026-01-23 20:30:00",297,276,841.5999999999999,987.960000000001,323.5286195286195,264640254345,75951931
"Select","2026-01-23 20:30:00","2026-01-23 21:00:00",177,151,398.7999999999999,557.4000000000005,190.12994350282486,9191002732,18224152
"Select","2026-01-23 21:00:00","2026-01-23 21:30:00",357,287,839.9999999999998,980.32,325.0644257703081,270789965708,67325803
"Select","2026-01-23 21:30:00","2026-01-23 22:00:00",134,128,511.14999999999975,2793.159999999982,473.6119402985075,62335557967,29900677
"Select","2026-01-23 22:00:00","2026-01-23 22:30:00",343,254,828.8,1230.3799999999983,477.6413994169096,267563820091,67902089
"Select","2026-01-23 22:30:00","2026-01-23 23:00:00",179,99,374,546.3599999999999,134.731843575419,10362361535,19803778
"Select","2026-01-23 23:00:00","2026-01-23 23:30:00",1544,39,324.5499999999997,863.3899999999983,173.27784974093265,739848068156,67627843
"Select","2026-01-23 23:30:00","2026-01-24 00:00:00",136,100,421,589.0500000000004,135.63235294117646,7641140412,20188506
"Select","2026-01-24 00:00:00","2026-01-24 00:30:00",397,282,822.8,2083.9200000001442,480.0302267002519,287075038158,461485156
"Select","2026-01-24 00:30:00","2026-01-24 01:00:00",126,119,413.75,591.25,161.5793650793651,8214319496,25564088
"Select","2026-01-24 01:00:00","2026-01-24 01:30:00",478,186,742.15,920.0700000000002,220.14016736401675,271434947814,67919808
"Select","2026-01-24 01:30:00","2026-01-24 02:00:00",184,45.5,356.04999999999995,578.5699999999997,111.43478260869566,7649311957,17731647
"Select","2026-01-24 02:00:00","2026-01-24 02:30:00",293,249,805.1999999999998,900.0799999999999,303.56996587030716,270355403981,73234283
"Select","2026-01-24 02:30:00","2026-01-24 03:00:00",129,101,439.19999999999993,543.48,140.41860465116278,7956647686,27833421
"Select","2026-01-24 03:00:00","2026-01-24 03:30:00",235,220,855.3,946.8599999999999,284.5276595744681,270825771592,67314231
"Select","2026-01-24 03:30:00","2026-01-24 04:00:00",201,227,370,548,200.3781094527363,15967445067,67302923
"Select","2026-01-24 04:00:00","2026-01-24 04:30:00",132,106,431.29999999999984,521.73,159.40151515151516,8132516725,21722319
"Select","2026-01-24 04:30:00","2026-01-24 05:00:00",278,251,809.5999999999999,921.9000000000005,297.25539568345323,268652776262,67653547
"Select","2026-01-24 05:00:00","2026-01-24 05:30:00",139,91,393.9999999999999,527.48,134.0935251798561,8227008253,23819257
"Select","2026-01-24 05:30:00","2026-01-24 06:00:00",359,221,776.3999999999999,910.9200000000004,251.1782729805014,271101716081,67312633
"Select","2026-01-24 06:00:00","2026-01-24 06:30:00",139,116,406.1999999999998,581.3600000000001,164.5107913669065,8487158963,21452241
"Select","2026-01-24 06:30:00","2026-01-24 07:00:00",277,240,787.1999999999999,1013.2400000000002,295.6859205776173,269001325814,67317226
"Select","2026-01-24 07:00:00","2026-01-24 07:30:00",124,133,467.09999999999997,592.25,190.01612903225808,11817042365,17723811
"Select","2026-01-24 07:30:00","2026-01-24 08:00:00",303,247,828.699999999999,962.7800000000002,301.8646864686469,275883621117,67315813
"Select","2026-01-24 08:00:00","2026-01-24 08:30:00",119,152,502.6999999999998,892.7399999999986,213.21008403361344,12588923052,46266419
"Select","2026-01-24 08:30:00","2026-01-24 09:00:00",269,268,854.5999999999999,927.4799999999998,332.24163568773236,273120351930,67337675
"Select","2026-01-24 09:00:00","2026-01-24 09:30:00",110,120,504.5999999999999,564.73,172.02727272727273,11939120281,17716165
"Select","2026-01-24 09:30:00","2026-01-24 10:00:00",276,260,877.5,1124.75,335.1304347826087,273875078121,72905019
"Select","2026-01-24 10:00:00","2026-01-24 10:30:00",85,126,586.3999999999999,1626.1999999999953,228,12744803561,89316063
"Select","2026-01-24 10:30:00","2026-01-24 11:00:00",314,277,807.6999999999998,963.48,330.55732484076435,277559927605,69629070
"Select","2026-01-24 11:00:00","2026-01-24 11:30:00",105,134,530.6,1340.159999999997,213.64761904761906,12114667891,63897722
"Select","2026-01-24 11:30:00","2026-01-24 12:00:00",274,263.5,872.0499999999998,1029.1099999999983,340.23722627737226,273785233785,67951179
"Select","2026-01-24 12:00:00","2026-01-24 12:30:00",106,152.5,508.75,1006.6000000000003,230.17924528301887,11493012224,62388954
"Select","2026-01-24 12:30:00","2026-01-24 13:00:00",285,264,861.2000000000002,1058.2400000000034,330.29473684210524,273559023347,83535574
"Select","2026-01-24 13:00:00","2026-01-24 13:30:00",119,153,439.69999999999925,1044.5399999999995,231.9747899159664,11817516034,60482872
"Select","2026-01-24 13:30:00","2026-01-24 14:00:00",276,281.5,822.5,963.25,345.2826086956522,272890209316,67325291
"Select","2026-01-24 14:00:00","2026-01-24 14:30:00",181,290,422,726.3999999999926,275.2651933701657,13274553400,63808670
"Select","2026-01-24 14:30:00","2026-01-24 15:00:00",284,294,837.8499999999992,914.5100000000016,351.92957746478874,273837974993,67342300
"Select","2026-01-24 15:00:00","2026-01-24 15:30:00",164,169,416.55,867.4600000000039,222.7560975609756,13404269892,67080714
"Select","2026-01-24 15:30:00","2026-01-24 16:00:00",354,285.5,847.4999999999997,1026.8199999999997,344.58474576271186,286547043882,67333275
"Select","2026-01-24 16:00:00","2026-01-24 16:30:00",252,300,441.34999999999997,561.98,299.68650793650795,17111371431,53229809
"Select","2026-01-24 16:30:00","2026-01-24 17:00:00",291,280,875,1084.9000000000005,357.64261168384877,275289476878,67334235
"Select","2026-01-24 17:00:00","2026-01-24 17:30:00",177,298,404.99999999999994,1128.2400000000061,283.7118644067797,13873129832,63587077
"Select","2026-01-24 17:30:00","2026-01-24 18:00:00",343,281,819.8999999999997,1111.5399999999997,325.83090379008746,276525196371,67314873
"Select","2026-01-24 18:00:00","2026-01-24 18:30:00",128,130.5,447.1499999999997,1065.65,193.25,12913244421,60760313
"Select","2026-01-24 18:30:00","2026-01-24 19:00:00",280,284,913.4000000000001,1075.4799999999982,342.225,273107174045,67319243
"Select","2026-01-24 19:00:00","2026-01-24 19:30:00",98,160,469.6999999999998,1329.1900000000014,230.41836734693877,11364354117,61666148
"Select","2026-01-24 19:30:00","2026-01-24 20:00:00",288,265.5,821.5999999999999,1077.04,327.71875,272922589990,67323246
"Select","2026-01-24 20:00:00","2026-01-24 20:30:00",113,155,411.3999999999998,1077.4399999999973,215.24778761061947,10869529260,59783768
"Select","2026-01-24 20:30:00","2026-01-24 21:00:00",283,263,847.4999999999997,1006.4800000000002,327.7985865724382,272700535581,67324187
"Select","2026-01-24 21:00:00","2026-01-24 21:30:00",109,178,398,1759.760000000002,247.76146788990826,11338936427,102288366
"Select","2026-01-24 21:30:00","2026-01-24 22:00:00",289,273,819.1999999999996,1013.4800000000002,340.5051903114187,273118240671,67323699
"Select","2026-01-24 22:00:00","2026-01-24 22:30:00",117,261,393.59999999999985,973.0800000000017,243.72649572649573,10882302939,58957632
"Select","2026-01-24 22:30:00","2026-01-24 23:00:00",267,256,807.8999999999999,950.6999999999999,323.7677902621723,271904102558,67312805
"Select","2026-01-24 23:00:00","2026-01-24 23:30:00",1346,35,129,348.2499999999993,208.8298662704309,739015923710,59582167
"Select","2026-01-24 23:30:00","2026-01-25 00:00:00",274,260.5,829.7499999999998,927.0799999999999,325.76277372262774,272673989367,69331219
"Select","2026-01-25 00:00:00","2026-01-25 00:30:00",220,291,401.05,10199.619999999999,508.7,27367138469,300271874
"Select","2026-01-25 00:30:00","2026-01-25 01:00:00",266,245,793.25,942.2000000000003,317.53007518796994,276006823119,67625611
"Select","2026-01-25 01:00:00","2026-01-25 01:30:00",237,21,334,512.1999999999999,106.27004219409282,10578835370,76803762
"Select","2026-01-25 01:30:00","2026-01-25 02:00:00",305,225,749.8000000000002,897.3199999999997,258.3081967213115,274893057835,113340166
"Select","2026-01-25 02:00:00","2026-01-25 02:30:00",70,107.5,511.44999999999993,1747.360000000002,168.9857142857143,9165936145,83343282
"Select","2026-01-25 02:30:00","2026-01-25 03:00:00",186,248.5,849.5,1030.7500000000002,342.98924731182797,275671370271,67313920
"Select","2026-01-25 03:00:00","2026-01-25 03:30:00",177,226,348.79999999999995,630.240000000005,209.66101694915255,9832471846,67302683
"Select","2026-01-25 03:30:00","2026-01-25 04:00:00",85,120,686.7999999999994,1644.3199999999977,200.71764705882353,19499578695,60084423
"Select","2026-01-25 04:00:00","2026-01-25 04:30:00",260,245.5,838.4499999999998,1021.7600000000034,323.25384615384615,276001117062,112109671
"Select","2026-01-25 04:30:00","2026-01-25 05:00:00",72,118.5,473.45000000000005,1063.7900000000122,175.27777777777777,9805755491,17719433
"Select","2026-01-25 05:00:00","2026-01-25 05:30:00",256,236,832,909.25,313.0078125,275486337519,67334411
"Select","2026-01-25 05:30:00","2026-01-25 06:00:00",88,138,389.44999999999936,701.9199999999933,184.22727272727272,9654588831,17713701
"Select","2026-01-25 06:00:00","2026-01-25 06:30:00",286,270,813.25,1053.4999999999966,338.44055944055947,276171460675,199715492
"Select","2026-01-25 06:30:00","2026-01-25 07:00:00",79,121,536.0999999999999,1118.1999999999987,174.46835443037975,9710209032,78747565
"Select","2026-01-25 07:00:00","2026-01-25 07:30:00",311,261,811.5,912.1999999999998,319.5755627009646,277047067983,67923100
"Select","2026-01-25 07:30:00","2026-01-25 08:00:00",137,144,479.99999999999966,1038.5199999999986,218.61313868613138,10654907059,60912261
"Select","2026-01-25 08:00:00","2026-01-25 08:30:00",297,261,801.3999999999999,967.8000000000009,343.81481481481484,275448592315,121704004
"Select","2026-01-25 08:30:00","2026-01-25 09:00:00",89,133,444.5999999999999,2218.7600000000034,206.80898876404495,7516431970,209597770
"Select","2026-01-25 09:00:00","2026-01-25 09:30:00",285,262,840.4000000000001,1194.240000000001,326.9298245614035,273760925564,80816632
"Select","2026-01-25 09:30:00","2026-01-25 10:00:00",160,166,450.2999999999996,1159.4299999999994,224.1625,10614516921,62216582
"Select","2026-01-25 10:00:00","2026-01-25 10:30:00",295,259,875.8000000000001,1022.9800000000005,315.8847457627119,273084542490,70303252
"Select","2026-01-25 10:30:00","2026-01-25 11:00:00",108,118,510.5499999999996,628.16,141.8148148148148,6888249077,29209823
"Select","2026-01-25 11:00:00","2026-01-25 11:30:00",291,261,846,1022.9000000000036,317.0343642611684,272796860994,67957157
"Select","2026-01-25 11:30:00","2026-01-25 12:00:00",118,108.5,390.94999999999993,922.5699999999994,141.38135593220338,7632196314,47156778
"Select","2026-01-25 12:00:00","2026-01-25 12:30:00",310,270.5,809.1500000000003,1005,317.4129032258065,273336494518,99874889
"Select","2026-01-25 12:30:00","2026-01-25 13:00:00",136,133,479.75,2524.6500000000087,1346.0882352941176,63663773692,58512595
"Select","2026-01-25 13:00:00","2026-01-25 13:30:00",330,254.5,823.4000000000003,1082.7499999999995,409.26969696969695,275267039200,68934699
"Select","2026-01-25 13:30:00","2026-01-25 14:00:00",142,138,432,1471.7800000000025,209.4788732394366,63803310941,57709033
"Select","2026-01-25 14:00:00","2026-01-25 14:30:00",292,261,836.7499999999998,923.5299999999971,308.208904109589,273360091591,67318163
"Select","2026-01-25 14:30:00","2026-01-25 15:00:00",126,126.5,433.5,561.5,163.75396825396825,7227512259,17716627
"Select","2026-01-25 15:00:00","2026-01-25 15:30:00",346,282.5,845.75,1149.700000000002,331.6849710982659,274172319217,68984763
"Select","2026-01-25 15:30:00","2026-01-25 16:00:00",143,275,444.7,1339.0800000000065,264.7412587412587,18745409000,55940701
"Select","2026-01-25 16:00:00","2026-01-25 16:30:00",290,273.5,797.5000000000001,998.7100000000022,333.0793103448276,273664190666,67316621
"Select","2026-01-25 16:30:00","2026-01-25 17:00:00",96,141.5,407,1098.0999999999965,189.39583333333334,6974687158,58609560
"Select","2026-01-25 17:00:00","2026-01-25 17:30:00",318,271,841,991.0499999999994,329.7327044025157,274527541744,72250803
"Select","2026-01-25 17:30:00","2026-01-25 18:00:00",134,184,468.1499999999999,992.9299999999928,241.3955223880597,9978148237,59061194
"Select","2026-01-25 18:00:00","2026-01-25 18:30:00",289,277,816.3999999999996,1013.24,341.5951557093426,273300641328,72605283
"Select","2026-01-25 18:30:00","2026-01-25 19:00:00",75,150,461.59999999999974,1587.0800000000113,236.16,6611707276,44200690
"Select","2026-01-25 19:00:00","2026-01-25 19:30:00",311,273,831,1069.3999999999987,324.94533762057875,274481135973,67325579
"Select","2026-01-25 19:30:00","2026-01-25 20:00:00",82,137,434.8,768.559999999997,176.2439024390244,6337848004,17722288
"Select","2026-01-25 20:00:00","2026-01-25 20:30:00",290,278,829.95,999.4100000000004,336.33103448275864,273822036598,67325467
"Select","2026-01-25 20:30:00","2026-01-25 21:00:00",198,285,390.15,541.9000000000005,264.5959595959596,9583089032,56270838
"Select","2026-01-25 21:00:00","2026-01-25 21:30:00",279,260,829.1,986.179999999998,321.5698924731183,272716917683,82944972
"Select","2026-01-25 21:30:00","2026-01-25 22:00:00",169,283,399.79999999999995,646.0799999999979,251.69230769230768,10306686771,47940861
"Select","2026-01-25 22:00:00","2026-01-25 22:30:00",315,278,770.6000000000001,911.7400000000001,323.1746031746032,273854257608,67315464
"Select","2026-01-25 22:30:00","2026-01-25 23:00:00",89,132,381.39999999999986,691.6400000000053,180.2134831460674,6713705196,17721944
"Select","2026-01-25 23:00:00","2026-01-25 23:30:00",1505,38,309.5999999999999,830.9200000000001,206.7794019933555,961149758928,67328539
"Select","2026-01-25 23:30:00","2026-01-26 00:00:00",101,147,368,510,208.25742574257427,7316143801,17714507
"Select","2026-01-26 00:00:00","2026-01-26 00:30:00",402,274,788,1752.6300000000067,416.95522388059703,283008903210,415897476
"Select","2026-01-26 00:30:00","2026-01-26 01:00:00",101,138,431,543,201.8910891089109,7370748450,21273060
"Select","2026-01-26 01:00:00","2026-01-26 01:30:00",441,218,725,911.6000000000005,218.51927437641723,277390758663,67333436
"Select","2026-01-26 01:30:00","2026-01-26 02:00:00",159,104,349.8999999999999,553.5199999999987,141.79245283018867,6842574950,17722232
"Select","2026-01-26 02:00:00","2026-01-26 02:30:00",261,255,793,943.3999999999995,311.0344827586207,276409771405,71846987
"Select","2026-01-26 02:30:00","2026-01-26 03:00:00",133,234,384,572.7200000000009,219.71428571428572,6983712618,67303723
"Select","2026-01-26 03:00:00","2026-01-26 03:30:00",79,114,378.299999999999,801.3599999999988,153.36708860759492,6027418431,28913182
"Select","2026-01-26 03:30:00","2026-01-26 04:00:00",277,243,816.4,917.96,304.87364620938627,284633916430,67319915
"Select","2026-01-26 04:00:00","2026-01-26 04:30:00",80,119.5,510.2499999999999,1359.9599999999969,193.4875,6383843237,32313297
"Select","2026-01-26 04:30:00","2026-01-26 05:00:00",260,243,816.1999999999999,906.2500000000007,309.1730769230769,275878836795,67311973
"Select","2026-01-26 05:00:00","2026-01-26 05:30:00",74,116.5,426.7499999999993,1044.6599999999967,173.09459459459458,6102442695,31210587
"Select","2026-01-26 05:30:00","2026-01-26 06:00:00",284,247,788.8999999999996,1009.6300000000007,309.8556338028169,276806467643,67328363
"Select","2026-01-26 06:00:00","2026-01-26 06:30:00",104,148,393.3499999999999,816.0999999999997,208.32692307692307,6829535707,34685603
"Select","2026-01-26 06:30:00","2026-01-26 07:00:00",255,263,833.2999999999997,973.2400000000004,324.11764705882354,275698604663,67312285
"Select","2026-01-26 07:00:00","2026-01-26 07:30:00",91,154,408.5,725.4999999999931,197.4835164835165,6517146447,29123669
"Select","2026-01-26 07:30:00","2026-01-26 08:00:00",322,304,894.8999999999999,1109.4300000000003,361.70186335403724,278150634228,67345563
"Select","2026-01-26 08:00:00","2026-01-26 08:30:00",94,148,523.7999999999998,1041.5499999999943,222.69148936170214,7403142336,57847455
"Select","2026-01-26 08:30:00","2026-01-26 09:00:00",281,239,773,855.1999999999997,313.3131672597865,279115089185,71268862
"Select","2026-01-26 09:00:00","2026-01-26 09:30:00",363,124,559.1999999999998,1119.519999999997,221.2396694214876,74278871558,70796985
"Select","2026-01-26 09:30:00","2026-01-26 10:00:00",470,258.5,946.2499999999993,1257.5600000000002,433.9404255319149,337825038851,67341115
"Select","2026-01-26 10:00:00","2026-01-26 10:30:00",546,105,550.25,1762.4999999999886,299.5695970695971,87435975542,33512476
"Select","2026-01-26 10:30:00","2026-01-26 11:00:00",418,303.5,1028.1999999999998,2236.8199999999993,366.4425837320574,286395595450,81439508
"Select","2026-01-26 11:00:00","2026-01-26 11:30:00",416,100,383.5,2353.400000000004,187.16105769230768,22871413118,29978262
"Select","2026-01-26 11:30:00","2026-01-26 12:00:00",373,307,1036.8,2738.6799999999976,390.7667560321716,286234054728,72315979
"Select","2026-01-26 12:00:00","2026-01-26 12:30:00",365,101,570.2000000000003,2085.0000000000027,206.4849315068493,32397716903,32635935
"Select","2026-01-26 12:30:00","2026-01-26 13:00:00",394,311.5,1033.05,2428.549999999993,568.6751269035533,344831448067,67340435
"Select","2026-01-26 13:00:00","2026-01-26 13:30:00",383,108,390.4999999999999,2743.1600000000008,311.4073107049608,31361560114,20708937
"Select","2026-01-26 13:30:00","2026-01-26 14:00:00",427,302,1008.4999999999999,3134.880000000001,382.3208430913349,294924101327,73488740
"Select","2026-01-26 14:00:00","2026-01-26 14:30:00",360,107,381.3500000000001,2942.7100000000055,222.68333333333334,33170732005,59396753
"Select","2026-01-26 14:30:00","2026-01-26 15:00:00",436,295.5,1000.75,2712.199999999978,373.63990825688074,296145097182,67333389
"Select","2026-01-26 15:00:00","2026-01-26 15:30:00",555,119,414.89999999999986,2793.180000000001,218.47207207207208,129741096158,65855007
"Select","2026-01-26 15:30:00","2026-01-26 16:00:00",762,297,1456.449999999998,3688.2899999999877,459.2965879265092,519853715005,68272020
"Select","2026-01-26 16:00:00","2026-01-26 16:30:00",436,107,571.25,3075.549999999995,235.62614678899084,74759759057,21320210
"Select","2026-01-26 16:30:00","2026-01-26 17:00:00",421,318,1031,2911.200000000009,398.083135391924,300431770436,67335515
"Select","2026-01-26 17:00:00","2026-01-26 17:30:00",373,130,433.79999999999984,3688.359999999995,361.60857908847186,134908467712,43761128
"Select","2026-01-26 17:30:00","2026-01-26 18:00:00",367,311,1046.3999999999994,3289.8599999999956,595.5994550408719,301010506404,67346985
"Select","2026-01-26 18:00:00","2026-01-26 18:30:00",113,153,489.9999999999999,2256.1199999999913,232.91150442477877,9970941431,13971907
